Class,CBO,CSA,CSO,CSOA,Dcy*,DIT,Inner,LCOM,LOC,NCLOC,NOC,NOIC,NOOC,OCavg,Query,RFC,WMC
"net.sourceforge.jvlt.JVLT",41,7,8,15,2,0,0,2,72,61,0,0,0,"1,00",6,10,8
"net.sourceforge.jvlt.actions.AddDictObjectAction",7,2,7,9,4,3,0,0,5,5,0,3,0,"1,00",0,2,1
"net.sourceforge.jvlt.actions.DictAction",8,1,4,5,1,1,0,0,2,2,6,2,0,n/a,0,0,0
"net.sourceforge.jvlt.actions.DictObjectAction",11,2,6,8,3,2,0,1,10,10,4,2,0,"1,00",1,2,2
"net.sourceforge.jvlt.actions.EditDictObjectAction",10,4,13,17,5,3,0,1,27,27,1,3,0,"1,00",2,10,7
"net.sourceforge.jvlt.actions.EditEntriesAction",8,2,8,10,22,2,0,1,24,24,0,2,0,"1,75",1,7,7
"net.sourceforge.jvlt.actions.EditEntryAction",12,5,17,22,21,4,0,1,53,53,0,6,2,"3,50",0,14,14
"net.sourceforge.jvlt.actions.ImportAction",5,5,9,14,18,2,0,4,25,25,0,2,0,"1,00",4,5,5
"net.sourceforge.jvlt.actions.LanguageChangeAction",3,3,7,10,2,2,0,2,14,14,0,2,0,"1,00",2,3,3
"net.sourceforge.jvlt.actions.MoveSenseAction",4,4,9,13,17,3,0,2,15,15,0,3,0,"1,00",2,4,3
"net.sourceforge.jvlt.actions.QueryAction",3,1,4,5,1,1,0,0,2,2,1,2,0,n/a,0,0,0
"net.sourceforge.jvlt.actions.RemoveEntriesAction",11,5,10,15,28,2,0,1,87,86,0,2,0,"3,50",3,21,21
"net.sourceforge.jvlt.actions.RemoveExamplesAction",4,2,6,8,18,2,0,1,9,9,0,2,0,"1,00",1,2,2
"net.sourceforge.jvlt.actions.RemoveSenseAction",4,3,8,11,17,3,0,1,10,10,0,3,0,"1,00",1,3,2
"net.sourceforge.jvlt.actions.StatsUpdateAction",6,8,14,22,19,2,0,1,84,83,0,2,0,"1,80",4,20,18
"net.sourceforge.jvlt.actions.UndoableAction",14,1,4,5,0,0,0,1,15,15,2,0,0,"1,00",1,4,4
"net.sourceforge.jvlt.core.ArraySchemaAttribute",10,5,19,24,5,2,0,0,8,8,0,13,0,"1,00",0,3,2
"net.sourceforge.jvlt.core.AttributeChoice",8,3,8,11,0,0,0,2,43,42,0,0,0,"1,38",6,8,11
"net.sourceforge.jvlt.core.ChoiceSchemaAttribute",11,5,17,22,4,1,0,1,44,44,1,7,1,"1,29",3,11,9
"net.sourceforge.jvlt.core.Dict",49,8,20,28,23,0,0,2,167,163,0,0,0,"2,05",14,30,41
"net.sourceforge.jvlt.core.DictException",15,1,1,2,0,0,0,0,6,6,0,0,0,"1,00",0,1,1
"net.sourceforge.jvlt.core.Entry",77,15,54,69,13,0,1,2,285,273,0,0,0,"1,23",25,65,64
"net.sourceforge.jvlt.core.Entry.Comparator",4,0,2,2,14,0,0,1,36,36,0,0,0,"5,00",2,3,10
"net.sourceforge.jvlt.core.Entry.Stats",7,7,4,11,1,0,1,1,34,34,0,0,0,"2,50",1,2,5
"net.sourceforge.jvlt.core.Entry.Stats.UserFlag",8,5,5,10,1,n/a,0,2,45,45,n/a,0,0,"3,00",4,6,15
"net.sourceforge.jvlt.core.EntryAttributeSchema",10,3,7,10,2,0,0,2,43,43,0,0,0,"1,29",4,8,9
"net.sourceforge.jvlt.core.EntryClass",18,7,16,23,1,0,0,3,105,94,0,0,0,"1,44",12,18,23
"net.sourceforge.jvlt.core.Example",37,3,21,24,15,0,1,1,130,116,0,0,0,"1,47",10,22,28
"net.sourceforge.jvlt.core.Example.Comparator",3,0,2,2,16,0,0,1,9,9,0,0,0,"1,00",2,3,2
"net.sourceforge.jvlt.core.Example.TextFragment",16,2,9,11,14,0,0,2,33,33,0,0,0,"1,00",3,9,9
"net.sourceforge.jvlt.core.Reinitializable",n/a,n/a,n/a,n/a,n/a,n/a,n/a,n/a,n/a,n/a,n/a,n/a,n/a,n/a,n/a,2,n/a
"net.sourceforge.jvlt.core.SchemaAttribute",20,3,10,13,0,0,0,2,66,65,1,0,0,"1,50",7,10,15
"net.sourceforge.jvlt.core.Sense",38,4,20,24,13,0,1,1,112,110,0,0,0,"1,67",9,21,30
"net.sourceforge.jvlt.core.Sense.Comparator",5,0,2,2,13,0,0,1,12,12,0,0,0,"1,50",2,2,3
"net.sourceforge.jvlt.core.StringPair",9,2,3,5,0,0,0,2,14,14,0,0,0,"1,00",2,3,3
"net.sourceforge.jvlt.event.ComponentReplacementListener",n/a,n/a,n/a,n/a,n/a,n/a,n/a,n/a,n/a,n/a,n/a,n/a,n/a,n/a,n/a,1,n/a
"net.sourceforge.jvlt.event.ComponentReplacementListener.ComponentReplacementEvent",7,2,3,5,0,0,0,2,14,14,0,0,0,"1,00",2,3,3
"net.sourceforge.jvlt.event.CopyPastePopupListener",5,4,7,11,4,1,0,1,36,36,0,4,1,"3,00",0,5,6
"net.sourceforge.jvlt.event.DialogListener",n/a,n/a,n/a,n/a,n/a,n/a,n/a,n/a,n/a,n/a,n/a,n/a,n/a,n/a,n/a,1,n/a
"net.sourceforge.jvlt.event.DialogListener.DialogEvent",8,2,2,4,0,0,0,1,11,11,0,0,0,"1,00",1,2,2
"net.sourceforge.jvlt.event.DictUpdateListener",n/a,n/a,n/a,n/a,n/a,n/a,n/a,n/a,n/a,n/a,n/a,n/a,n/a,n/a,n/a,1,n/a
"net.sourceforge.jvlt.event.DictUpdateListener.DictUpdateEvent",18,1,2,3,0,0,0,1,9,9,4,0,0,"1,00",1,2,2
"net.sourceforge.jvlt.event.DictUpdateListener.EntryDictUpdateEvent",10,5,4,9,15,1,0,1,13,13,0,1,0,"1,00",1,3,2
"net.sourceforge.jvlt.event.DictUpdateListener.ExampleDictUpdateEvent",7,5,4,9,17,1,0,1,13,13,0,1,0,"1,00",1,3,2
"net.sourceforge.jvlt.event.DictUpdateListener.LanguageDictUpdateEvent",8,2,4,6,1,1,0,1,10,10,0,1,0,"1,00",1,3,2
"net.sourceforge.jvlt.event.DictUpdateListener.NewDictDictUpdateEvent",12,2,4,6,25,1,0,1,10,10,0,1,0,"1,00",1,3,2
"net.sourceforge.jvlt.event.FilterListener",n/a,n/a,n/a,n/a,n/a,n/a,n/a,n/a,n/a,n/a,n/a,n/a,n/a,n/a,n/a,1,n/a
"net.sourceforge.jvlt.event.FilterListener.FilterEvent",5,2,3,5,0,0,0,1,14,14,0,0,0,"1,00",1,3,3
"net.sourceforge.jvlt.event.ModelResetEventListener",n/a,n/a,n/a,n/a,n/a,n/a,n/a,n/a,n/a,n/a,n/a,n/a,n/a,n/a,n/a,1,n/a
"net.sourceforge.jvlt.event.ModelResetEventListener.ModelResetEvent",4,4,4,8,30,0,0,2,19,19,0,0,0,"1,00",2,4,4
"net.sourceforge.jvlt.event.PopupListener",1,1,5,6,0,0,0,1,23,23,1,0,0,"1,20",0,5,6
"net.sourceforge.jvlt.event.SelectionListener",n/a,n/a,n/a,n/a,n/a,n/a,n/a,n/a,n/a,n/a,n/a,n/a,n/a,n/a,n/a,1,n/a
"net.sourceforge.jvlt.event.SelectionListener.SelectionEvent",7,2,4,6,0,0,0,2,18,17,0,0,0,"1,00",2,4,4
"net.sourceforge.jvlt.event.SelectionNotifier",15,1,4,5,2,0,0,1,18,18,0,0,0,"1,25",0,4,5
"net.sourceforge.jvlt.event.StateListener",n/a,n/a,n/a,n/a,n/a,n/a,n/a,n/a,n/a,n/a,n/a,n/a,n/a,n/a,n/a,1,n/a
"net.sourceforge.jvlt.event.StateListener.StateEvent",9,2,2,4,0,0,0,1,11,11,0,0,0,"1,00",1,2,2
"net.sourceforge.jvlt.event.UndoableActionListener",n/a,n/a,n/a,n/a,n/a,n/a,n/a,n/a,n/a,n/a,n/a,n/a,n/a,n/a,n/a,1,n/a
"net.sourceforge.jvlt.event.UndoableActionListener.UndoableActionEvent",5,5,3,8,1,0,0,2,18,17,0,0,0,"1,00",2,3,3
"net.sourceforge.jvlt.io.AbstractHandler",7,4,6,10,28,0,0,2,40,40,2,0,0,"1,33",2,10,8
"net.sourceforge.jvlt.io.CSVDictReader",23,17,19,36,31,1,0,1,400,386,0,1,0,"5,20",1,57,78
"net.sourceforge.jvlt.io.DictCSVWriter",12,5,9,14,28,1,0,1,189,176,0,0,0,"5,29",1,25,37
"net.sourceforge.jvlt.io.DictCSVWriter.DictInfo",2,4,0,4,1,0,0,0,6,6,0,0,0,n/a,0,0,0
"net.sourceforge.jvlt.io.DictHandler",20,18,12,30,30,1,0,1,285,280,0,4,0,"11,33",1,45,68
"net.sourceforge.jvlt.io.DictHtmlWriter",5,3,5,8,32,1,0,1,43,43,0,0,0,"1,00",0,5,5
"net.sourceforge.jvlt.io.DictImporter",12,2,5,7,26,0,0,1,110,85,0,0,0,"4,20",3,19,21
"net.sourceforge.jvlt.io.DictImporter.ImportInfo",4,4,0,4,16,0,0,0,6,6,0,0,0,n/a,0,0,0
"net.sourceforge.jvlt.io.DictReader",8,2,4,6,26,0,0,2,16,16,2,0,0,"1,00",1,5,3
"net.sourceforge.jvlt.io.DictReaderException",12,3,9,12,1,1,0,1,22,22,0,2,0,"1,00",1,7,5
"net.sourceforge.jvlt.io.DictWriter",5,2,2,4,24,0,0,1,9,9,3,0,0,"1,00",0,2,1
"net.sourceforge.jvlt.io.DictXMLWriter",13,10,9,19,30,1,0,1,108,101,0,0,0,"2,38",0,23,19
"net.sourceforge.jvlt.io.EntryAttributeSchemaReader",10,1,3,4,8,0,0,1,129,115,0,0,0,"6,33",2,18,19
"net.sourceforge.jvlt.io.SAXDictReader",10,2,10,12,34,1,0,1,69,69,0,1,0,"2,50",0,17,15
"net.sourceforge.jvlt.io.SAXDictReader.NonCloseableZipInputStream",1,0,3,3,0,0,0,2,13,10,0,0,0,"1,00",0,3,3
"net.sourceforge.jvlt.io.StatsHandler",6,5,10,15,34,1,0,1,79,79,0,4,0,"4,00",1,16,16
"net.sourceforge.jvlt.io.VersionException",5,2,2,4,0,0,0,1,10,10,0,0,0,"1,00",1,2,2
"net.sourceforge.jvlt.io.XMLFormatter",12,1,7,8,21,0,0,5,155,155,0,0,0,"3,86",4,45,27
"net.sourceforge.jvlt.io.XMLWriter",1,5,4,9,0,0,0,1,79,76,0,0,0,"4,00",0,4,16
"net.sourceforge.jvlt.metadata.ArrayAttribute",8,4,21,25,4,1,1,2,38,38,2,8,2,"1,80",2,8,9
"net.sourceforge.jvlt.metadata.ArrayChoiceAttribute",4,5,28,33,6,2,2,1,17,17,0,14,0,"1,00",1,5,4
"net.sourceforge.jvlt.metadata.Attribute",n/a,n/a,n/a,n/a,n/a,n/a,n/a,n/a,n/a,n/a,n/a,n/a,n/a,n/a,n/a,5,n/a
"net.sourceforge.jvlt.metadata.AttributeComparator",4,1,2,3,20,0,0,1,17,17,0,0,0,"2,00",1,3,4
"net.sourceforge.jvlt.metadata.BooleanAttribute",3,2,18,20,3,1,1,1,10,10,0,9,1,"1,50",1,4,3
"net.sourceforge.jvlt.metadata.CalendarAttribute",3,3,18,21,3,1,1,1,15,15,0,9,1,"1,50",1,4,3
"net.sourceforge.jvlt.metadata.ChoiceAttribute",n/a,n/a,n/a,n/a,n/a,n/a,n/a,n/a,n/a,n/a,n/a,n/a,n/a,n/a,n/a,3,n/a
"net.sourceforge.jvlt.metadata.CustomArrayAttribute",6,4,29,33,22,3,2,1,20,20,0,14,1,"2,50",1,5,5
"net.sourceforge.jvlt.metadata.CustomAttribute",10,2,19,21,17,1,1,1,24,24,1,8,2,"1,67",2,8,5
"net.sourceforge.jvlt.metadata.CustomChoiceAttribute",7,4,27,31,20,2,2,2,22,22,1,11,1,"1,00",2,8,5
"net.sourceforge.jvlt.metadata.CustomFieldsAttribute",7,3,26,29,7,2,2,2,32,32,0,11,2,"2,00",2,8,6
"net.sourceforge.jvlt.metadata.DefaultAttribute",23,3,16,19,2,0,1,2,62,60,16,0,0,"1,27",10,12,14
"net.sourceforge.jvlt.metadata.DefaultChoiceAttribute",5,3,23,26,4,1,2,1,17,17,1,10,0,"1,00",1,5,4
"net.sourceforge.jvlt.metadata.DefaultQuizzableAttribute",3,1,13,14,2,0,2,1,38,38,0,0,0,"1,29",6,12,9
"net.sourceforge.jvlt.metadata.EntryMetaData",19,6,11,17,41,1,0,1,52,51,1,7,0,"3,00",1,21,9
"net.sourceforge.jvlt.metadata.EntryMetaData.EntryClassAttribute",5,2,18,20,6,1,1,1,14,14,0,9,1,"1,50",1,6,3
"net.sourceforge.jvlt.metadata.EntryMetaData.SensesAttribute",10,5,23,28,27,2,1,1,19,19,1,12,1,"1,50",1,10,3
"net.sourceforge.jvlt.metadata.EntryMetaData.UserFlagsAttribute",10,2,18,20,19,1,1,1,21,21,0,9,1,"2,50",1,8,5
"net.sourceforge.jvlt.metadata.ExampleMetaData",5,4,9,13,27,1,0,0,7,7,0,7,0,"1,00",0,5,1
"net.sourceforge.jvlt.metadata.ExampleMetaData.TextAttribute",3,3,18,21,4,1,1,1,21,21,0,9,1,"1,50",1,7,3
"net.sourceforge.jvlt.metadata.ExampleMetaData.TranslationAttribute",3,3,18,21,4,1,1,1,21,21,0,9,1,"1,50",1,7,3
"net.sourceforge.jvlt.metadata.MetaData",34,4,8,12,8,0,0,1,84,76,5,0,0,"2,88",4,14,23
"net.sourceforge.jvlt.metadata.NumberAttribute",3,3,18,21,3,1,1,1,11,11,0,9,1,"1,50",1,4,3
"net.sourceforge.jvlt.metadata.QuizEntryMetaData",8,8,14,22,45,2,0,1,36,31,0,7,2,"2,00",2,7,6
"net.sourceforge.jvlt.metadata.QuizzableAttribute",n/a,n/a,n/a,n/a,n/a,n/a,n/a,n/a,n/a,n/a,n/a,n/a,n/a,n/a,n/a,1,n/a
"net.sourceforge.jvlt.metadata.QuizzableSensesAttribute",5,5,25,30,29,3,2,1,21,21,0,15,0,"5,00",1,3,5
"net.sourceforge.jvlt.metadata.SenseMetaData",5,4,9,13,25,1,0,0,6,6,0,7,0,"1,00",0,4,1
"net.sourceforge.jvlt.model.AbstractModel",17,6,19,25,30,0,0,1,108,102,2,0,0,"1,35",5,21,23
"net.sourceforge.jvlt.model.DictModel",52,11,33,44,77,1,0,1,351,333,0,15,1,"4,07",1,72,57
"net.sourceforge.jvlt.model.JVLTModel",62,7,22,29,100,0,2,1,204,179,0,0,0,"2,00",9,45,40
"net.sourceforge.jvlt.model.ModelException",3,1,1,2,0,0,0,0,6,6,0,0,0,"1,00",0,1,1
"net.sourceforge.jvlt.model.QueryModel",14,8,27,35,67,1,0,2,52,52,0,16,0,"1,75",1,14,14
"net.sourceforge.jvlt.multimedia.AudioFile",5,2,10,12,377,1,0,1,31,27,0,5,0,"1,33",0,5,4
"net.sourceforge.jvlt.multimedia.CustomMultimediaFile",7,4,15,19,377,1,0,2,49,48,0,5,0,"1,50",2,10,12
"net.sourceforge.jvlt.multimedia.ImageFile",7,2,11,13,377,1,0,1,46,30,0,5,0,"1,50",1,8,6
"net.sourceforge.jvlt.multimedia.MultimediaFile",13,6,8,14,377,0,0,2,57,56,3,0,0,"1,50",5,12,12
"net.sourceforge.jvlt.multimedia.MultimediaUtils",14,2,3,5,377,0,0,1,55,55,0,0,0,"4,33",1,15,13
"net.sourceforge.jvlt.os.MacOSController",3,1,3,4,379,0,1,1,10,10,0,0,0,"1,00",0,2,2
"net.sourceforge.jvlt.os.MacOSController.MacAdapter",2,0,3,3,379,0,0,1,26,21,0,0,0,"1,33",0,7,4
"net.sourceforge.jvlt.os.OSController",n/a,n/a,n/a,n/a,n/a,n/a,n/a,n/a,n/a,n/a,n/a,n/a,n/a,n/a,n/a,1,n/a
"net.sourceforge.jvlt.query.BitmaskQueryItem",2,5,15,20,2,1,0,1,23,23,0,9,0,"2,00",1,5,6
"net.sourceforge.jvlt.query.BooleanQueryItem",2,6,15,21,2,1,0,1,25,25,0,9,0,"2,33",1,5,7
"net.sourceforge.jvlt.query.CalendarQueryItem",2,6,16,22,2,1,0,1,48,42,0,9,0,"2,50",2,6,10
"net.sourceforge.jvlt.query.ChoiceObjectArrayQueryItem",5,7,20,27,3,2,0,1,43,43,0,11,1,"4,33",1,5,13
"net.sourceforge.jvlt.query.ChoiceQueryItem",4,8,15,23,3,1,0,1,48,48,0,9,0,"4,67",1,4,14
"net.sourceforge.jvlt.query.ContainerQueryItem",2,6,16,22,2,1,0,1,32,27,0,9,0,"1,75",1,6,7
"net.sourceforge.jvlt.query.EntryClassQueryItem",3,5,15,20,4,1,0,1,30,23,0,9,0,"2,33",1,6,7
"net.sourceforge.jvlt.query.EntryFilter",11,1,6,7,377,0,0,1,27,27,3,0,0,"1,33",3,8,8
"net.sourceforge.jvlt.query.NumberQueryItem",2,6,15,21,2,1,0,1,25,25,0,9,0,"2,00",1,5,6
"net.sourceforge.jvlt.query.ObjectArrayQueryItem",7,7,17,24,2,1,0,1,46,46,1,9,0,"2,80",2,6,14
"net.sourceforge.jvlt.query.ObjectQuery",21,8,14,22,377,0,0,2,81,79,0,0,0,"1,50",6,21,21
"net.sourceforge.jvlt.query.ObjectQueryItem",20,3,12,15,1,0,0,5,65,65,11,0,0,"1,36",7,12,15
"net.sourceforge.jvlt.query.SenseArrayQueryItem",6,8,17,25,15,1,0,1,54,54,0,9,0,"3,00",2,8,15
"net.sourceforge.jvlt.query.SimpleEntryFilter",10,9,12,21,377,1,1,1,62,62,0,4,0,"1,00",1,18,4
"net.sourceforge.jvlt.query.StringEntryFilter",n/a,n/a,n/a,n/a,n/a,n/a,n/a,n/a,n/a,n/a,n/a,n/a,n/a,n/a,n/a,2,n/a
"net.sourceforge.jvlt.query.StringPairQueryItem",4,6,17,23,3,1,0,1,52,52,0,9,0,"3,40",2,9,17
"net.sourceforge.jvlt.query.StringQueryItem",7,6,17,23,2,1,0,1,34,34,0,9,0,"2,00",2,7,10
"net.sourceforge.jvlt.quiz.QueryResult",4,3,6,9,14,0,0,3,25,25,0,0,0,"1,00",3,6,6
"net.sourceforge.jvlt.quiz.QuizDict",13,8,21,29,377,0,0,1,230,188,0,0,0,"2,19",14,33,46
"net.sourceforge.jvlt.quiz.QuizInfo",10,5,10,15,1,0,0,5,54,53,0,0,0,"1,00",6,11,10
"net.sourceforge.jvlt.tools.CSVImportTool",9,2,4,6,378,0,0,1,72,72,0,0,0,"1,75",1,20,7
"net.sourceforge.jvlt.tools.JVLTUtils",13,4,9,13,378,0,0,1,179,179,0,0,0,"3,89",1,31,35
"net.sourceforge.jvlt.tools.Line",2,2,2,4,0,0,0,1,15,15,0,0,0,"1,50",1,2,3
"net.sourceforge.jvlt.tools.PropertiesFile",2,2,6,8,1,0,0,1,30,30,0,0,0,"1,33",4,6,8
"net.sourceforge.jvlt.tools.ResourceBundleUtils",4,4,4,8,380,0,0,1,114,114,0,0,0,"4,75",1,11,19
"net.sourceforge.jvlt.ui.AboutDialog",7,1,2,3,8,0,0,1,42,41,0,0,0,"1,00",0,9,2
"net.sourceforge.jvlt.ui.AboutDialog.ActionEventHandler",1,0,1,1,0,0,0,1,7,7,0,0,0,"2,00",0,1,2
"net.sourceforge.jvlt.ui.DictUpdater",3,1,2,3,24,0,0,1,14,14,0,0,0,"2,00",0,5,4
"net.sourceforge.jvlt.ui.JVLTUI",76,20,39,59,377,0,4,3,1.025,915,0,0,0,"3,46",6,160,142
"net.sourceforge.jvlt.ui.JVLTUI.AppendingErrorStream",1,1,2,3,0,0,0,1,22,12,0,0,0,"1,00",0,2,2
"net.sourceforge.jvlt.ui.JVLTUI.ChangeHandler",3,0,1,1,377,0,0,1,11,11,0,0,0,"2,00",0,4,2
"net.sourceforge.jvlt.ui.JVLTUI.EntryFilterListener",4,0,2,2,377,0,1,1,6,6,0,0,0,"1,00",0,3,1
"net.sourceforge.jvlt.ui.JVLTUI.ExampleFilterListener",4,0,2,2,377,0,1,1,6,6,0,0,0,"1,00",0,3,1
"net.sourceforge.jvlt.ui.OpenErrorDialog",4,17,17,34,5,1,0,3,42,42,0,1,3,"1,20",1,13,6
"net.sourceforge.jvlt.ui.components.AttributeChoiceInputComponent",7,3,23,26,16,2,1,1,33,33,0,12,1,"2,67",0,11,8
"net.sourceforge.jvlt.ui.components.AttributeChoiceListPanel",5,11,18,29,28,2,0,1,15,15,0,12,0,"1,50",1,6,3
"net.sourceforge.jvlt.ui.components.AttributeSelectionPanel",5,15,13,28,29,1,0,0,8,8,0,11,0,"1,00",0,5,1
"net.sourceforge.jvlt.ui.components.ButtonPanel",9,4,6,10,1,0,0,1,68,63,0,0,0,"2,17",0,8,13
"net.sourceforge.jvlt.ui.components.ChoiceInputComponent",11,3,20,23,11,1,1,1,67,63,3,4,0,"1,38",3,19,18
"net.sourceforge.jvlt.ui.components.ChoiceListPanel",10,11,16,27,22,1,0,1,38,31,1,5,2,"1,14",2,19,8
"net.sourceforge.jvlt.ui.components.CustomTabbedPane",7,1,1,2,3,0,0,1,13,13,0,0,0,"2,00",0,3,2
"net.sourceforge.jvlt.ui.components.CustomTextField",18,3,7,10,6,0,0,2,35,35,0,0,0,"1,14",1,9,8
"net.sourceforge.jvlt.ui.components.CustomTextField.DocumentEventHandler",1,0,3,3,6,0,0,3,11,10,0,0,0,"1,00",0,4,3
"net.sourceforge.jvlt.ui.components.DateChooser",4,6,16,22,17,1,0,2,90,90,0,8,0,"2,00",1,11,12
"net.sourceforge.jvlt.ui.components.DateChooserButton",5,2,5,7,24,0,0,1,29,29,0,0,0,"1,20",1,10,6
"net.sourceforge.jvlt.ui.components.FontChooserComboBox",7,7,5,12,13,0,0,2,34,34,0,0,0,"1,20",2,9,6
"net.sourceforge.jvlt.ui.components.FontChooserComboBox.ActionHandler",2,0,1,1,13,0,0,1,14,14,0,0,0,"4,00",0,5,4
"net.sourceforge.jvlt.ui.components.FontChooserComboBox.Model",3,1,3,4,13,0,0,1,27,27,0,0,0,"3,67",2,6,11
"net.sourceforge.jvlt.ui.components.IndentedComboBox",5,5,14,19,10,1,0,1,19,19,0,5,0,"1,00",0,7,4
"net.sourceforge.jvlt.ui.components.IndentedComboBox.IndentedComboBoxModel",3,3,13,16,3,0,0,1,57,57,0,0,0,"1,23",5,18,16
"net.sourceforge.jvlt.ui.components.IndentedComboBox.IndentedComboBoxRenderer",2,1,1,2,10,0,0,1,17,17,0,0,0,"2,00",1,3,2
"net.sourceforge.jvlt.ui.components.InputComponent",n/a,n/a,n/a,n/a,n/a,n/a,n/a,n/a,n/a,n/a,n/a,n/a,n/a,n/a,n/a,4,n/a
"net.sourceforge.jvlt.ui.components.LabeledComboBox",22,3,10,13,4,0,0,2,47,47,2,0,0,"1,20",1,11,12
"net.sourceforge.jvlt.ui.components.LabeledComboBox.DocumentEventHandler",1,0,3,3,4,0,0,3,11,10,0,0,0,"1,00",0,4,3
"net.sourceforge.jvlt.ui.components.LabeledSpinner",3,2,4,6,3,0,0,1,18,18,0,0,0,"1,00",1,5,4
"net.sourceforge.jvlt.ui.components.LanguageComboBox",6,4,13,17,6,1,0,2,41,41,0,5,0,"2,00",1,7,6
"net.sourceforge.jvlt.ui.components.ListeningInputComponent",5,1,9,10,1,0,1,1,20,20,2,0,0,"1,20",0,5,6
"net.sourceforge.jvlt.ui.components.ObjectListEditor",9,9,12,21,9,0,0,3,102,101,1,0,0,"2,10",4,21,21
"net.sourceforge.jvlt.ui.components.ObjectListEditor.ActionHandler",1,0,1,1,9,0,0,1,10,8,0,0,0,"2,00",0,4,2
"net.sourceforge.jvlt.ui.components.ObjectListPanel",14,10,9,19,14,0,0,1,104,101,1,0,0,"1,78",2,18,16
"net.sourceforge.jvlt.ui.components.ObjectListPanel.ActionHandler",2,0,1,1,14,0,0,1,32,32,0,0,0,"9,00",0,3,9
"net.sourceforge.jvlt.ui.components.ObjectListPanel.ChangeHandler",1,0,1,1,14,0,0,1,5,5,0,0,0,"1,00",0,2,1
"net.sourceforge.jvlt.ui.components.ObjectListPanel.ListSelectionHandler",1,0,1,1,14,0,0,1,7,7,0,0,0,"2,00",0,2,2
"net.sourceforge.jvlt.ui.components.ObjectMapEditorPanel",9,6,11,17,8,0,0,2,78,77,2,0,0,"1,44",3,16,13
"net.sourceforge.jvlt.ui.components.ObjectMapEditorPanel.ActionHandler",1,0,1,1,8,0,0,1,14,14,0,0,0,"5,00",0,4,5
"net.sourceforge.jvlt.ui.components.ObjectMapEditorPanel.ChangeHandler",1,0,1,1,8,0,0,1,5,5,0,0,0,"1,00",0,2,1
"net.sourceforge.jvlt.ui.components.ObjectSelectionPanel",10,15,12,27,10,0,0,1,146,138,1,0,0,"1,50",1,24,18
"net.sourceforge.jvlt.ui.components.ObjectSelectionPanel.ActionHandler",2,0,1,1,10,0,0,1,43,43,0,0,0,"9,00",0,4,9
"net.sourceforge.jvlt.ui.components.ObjectSelectionPanel.ListSelectionHandler",1,0,1,1,10,0,0,1,7,7,0,0,0,"2,00",0,2,2
"net.sourceforge.jvlt.ui.components.SortedComboBoxModel",2,3,10,13,0,0,0,2,66,61,0,0,0,"1,50",3,10,15
"net.sourceforge.jvlt.ui.components.StringChooserModel",2,3,11,14,1,0,0,4,114,99,0,0,0,"2,18",8,11,24
"net.sourceforge.jvlt.ui.components.StringChooserPanel",9,5,8,13,10,0,0,1,79,79,0,0,0,"1,25",2,17,10
"net.sourceforge.jvlt.ui.components.StringChooserPanel.ActionHandler",1,0,1,1,10,0,0,1,9,9,0,0,0,"3,00",0,2,3
"net.sourceforge.jvlt.ui.components.StringChooserPanel.ListSelectionHandler",1,0,1,1,10,0,0,1,7,7,0,0,0,"2,00",0,2,2
"net.sourceforge.jvlt.ui.components.StringChooserPanel.TableModelHandler",1,0,1,1,10,0,0,1,5,5,0,0,0,"1,00",0,2,1
"net.sourceforge.jvlt.ui.components.StringInputComponent",5,2,14,16,9,1,1,1,27,27,0,4,0,"1,50",2,7,9
"net.sourceforge.jvlt.ui.components.StringListEditor",5,9,15,24,21,1,0,2,13,13,0,9,0,"1,00",2,5,3
"net.sourceforge.jvlt.ui.components.StringListInputComponent",3,1,8,9,15,0,1,1,15,15,0,0,0,"1,00",2,7,4
"net.sourceforge.jvlt.ui.components.TablePrinterPanel",3,3,3,6,15,0,0,1,24,24,0,0,0,"1,00",0,6,3
"net.sourceforge.jvlt.ui.dialogs.AbstractDialog",26,12,13,25,7,0,0,1,150,135,3,0,0,"1,93",5,17,27
"net.sourceforge.jvlt.ui.dialogs.Browser",6,7,4,11,7,0,0,1,52,52,0,0,0,"1,00",0,9,4
"net.sourceforge.jvlt.ui.dialogs.Browser.ActionEventHandler",1,0,1,1,7,0,0,1,11,11,0,0,0,"3,00",0,2,3
"net.sourceforge.jvlt.ui.dialogs.Browser.LinkFollower",1,0,1,1,7,0,0,1,9,9,0,0,0,"2,00",0,2,2
"net.sourceforge.jvlt.ui.dialogs.BrowserDialog",3,2,1,3,8,0,0,0,11,11,0,0,0,"1,00",0,4,1
"net.sourceforge.jvlt.ui.dialogs.CustomDialog",19,10,19,29,20,1,1,1,67,61,0,10,0,"1,80",2,22,9
"net.sourceforge.jvlt.ui.dialogs.CustomDialog.ComponentReplacementHandler",3,0,2,2,2,0,1,1,6,6,0,0,0,"1,00",0,1,1
"net.sourceforge.jvlt.ui.dialogs.CustomDialog.TooManyInstancesException",1,1,0,1,0,0,0,0,3,3,0,0,0,n/a,0,0,0
"net.sourceforge.jvlt.ui.dialogs.CustomDialogData",18,2,10,12,14,0,0,7,45,36,12,0,0,"1,11",2,12,10
"net.sourceforge.jvlt.ui.dialogs.DictFileChooser",6,1,3,4,3,0,0,1,45,44,0,0,0,"3,00",1,8,9
"net.sourceforge.jvlt.ui.dialogs.DictFileChooser.FileType",4,5,3,8,0,n/a,0,2,17,17,n/a,0,0,"1,00",2,3,3
"net.sourceforge.jvlt.ui.dialogs.ErrorLogDialog",5,2,1,3,5,0,0,0,27,27,0,0,0,"1,00",0,6,2
"net.sourceforge.jvlt.ui.dialogs.ErrorLogDialog.TextAreaAppender",1,0,2,2,5,0,0,1,19,11,0,0,0,"1,00",0,2,2
"net.sourceforge.jvlt.ui.dialogs.ExpirationTimePanel",8,5,9,14,23,0,0,1,118,117,0,0,0,"1,50",4,22,15
"net.sourceforge.jvlt.ui.dialogs.ExpirationTimePanel.ActionHandler",1,0,2,2,23,0,0,2,8,8,0,0,0,"1,00",0,3,2
"net.sourceforge.jvlt.ui.dialogs.FileTypeDialogData",13,9,16,25,377,1,0,1,127,126,0,8,0,"2,67",1,28,16
"net.sourceforge.jvlt.ui.dialogs.FileTypePanel",22,8,7,15,377,0,0,1,144,142,0,0,0,"3,00",0,43,21
"net.sourceforge.jvlt.ui.dialogs.FontChooser",8,8,7,15,10,0,0,1,140,140,0,0,0,"2,14",2,22,15
"net.sourceforge.jvlt.ui.dialogs.InputList",3,4,5,9,8,0,0,1,45,45,0,0,0,"1,60",1,10,8
"net.sourceforge.jvlt.ui.dialogs.InvalidDataException",12,1,1,2,0,0,0,0,6,6,0,0,0,"1,00",0,1,1
"net.sourceforge.jvlt.ui.dialogs.MessageDialog",16,23,16,39,4,0,0,1,192,191,1,0,0,"1,81",5,24,29
"net.sourceforge.jvlt.ui.dialogs.MultimediaFileMetaData",6,4,10,14,377,1,0,1,30,30,0,6,1,"1,20",0,5,6
"net.sourceforge.jvlt.ui.dialogs.PrintPreviewDialog",6,7,5,12,16,0,0,2,80,80,0,0,0,"1,80",1,14,9
"net.sourceforge.jvlt.ui.dialogs.PropertiesDialogData",7,4,13,17,20,1,0,1,37,37,0,8,0,"1,67",1,10,5
"net.sourceforge.jvlt.ui.dialogs.ResetStatsDialogData",6,7,14,21,16,1,0,2,49,49,0,8,0,"1,25",1,8,5
"net.sourceforge.jvlt.ui.dialogs.ResetStatsDialogData.ActionHandler",1,0,1,1,16,0,0,1,5,5,0,0,0,"1,00",0,2,1
"net.sourceforge.jvlt.ui.dialogs.SettingsDialogData",25,22,15,37,377,1,0,1,284,284,0,8,0,"4,20",1,57,21
"net.sourceforge.jvlt.ui.dialogs.SettingsDialogData.FontKey",1,8,2,10,0,n/a,0,1,12,12,n/a,0,0,"1,00",1,2,2
"net.sourceforge.jvlt.ui.io.AttributeTable",5,2,3,5,10,0,0,2,28,28,0,0,0,"1,33",0,10,4
"net.sourceforge.jvlt.ui.io.AttributeTable.AttributeTableModel",7,5,14,19,8,0,0,4,134,134,0,0,0,"2,43",9,17,34
"net.sourceforge.jvlt.ui.io.CSVExportPanel",7,4,9,13,11,1,0,2,38,38,0,4,0,"1,00",0,13,3
"net.sourceforge.jvlt.ui.io.CSVImportPanel",21,19,21,40,30,1,0,1,249,249,0,3,1,"1,73",10,46,26
"net.sourceforge.jvlt.ui.io.CSVImportPanel.ActionHandler",2,0,1,1,30,0,0,1,8,8,0,0,0,"2,00",0,3,2
"net.sourceforge.jvlt.ui.io.CSVImportPanel.ChangeHandler",2,0,1,1,30,0,0,1,5,5,0,0,0,"1,00",0,2,1
"net.sourceforge.jvlt.ui.io.CSVImportPanel.PreviewTableModel",10,3,7,10,30,0,0,3,79,79,0,0,0,"2,43",6,14,17
"net.sourceforge.jvlt.ui.io.CSVImportPanel.TableModelHandler",2,0,1,1,30,0,0,1,5,5,0,0,0,"1,00",0,2,1
"net.sourceforge.jvlt.ui.io.CSVPanel",6,4,6,10,6,0,0,2,42,42,2,0,0,"1,60",3,10,8
"net.sourceforge.jvlt.ui.io.CSVPanel.FieldDelimiter",2,7,3,10,1,n/a,0,1,18,18,n/a,0,0,"1,00",2,4,3
"net.sourceforge.jvlt.ui.io.ExportDialog",7,1,1,2,377,0,0,0,18,18,0,0,0,"1,00",0,7,2
"net.sourceforge.jvlt.ui.io.ExportSuccessDescriptor",3,2,8,10,377,1,0,2,17,17,0,2,0,"1,00",1,5,3
"net.sourceforge.jvlt.ui.io.ExportWizardModel",14,5,22,27,377,2,0,3,87,87,0,11,2,"3,67",3,29,22
"net.sourceforge.jvlt.ui.io.FinishExportDescriptor",17,12,15,27,377,1,0,2,119,115,0,2,0,"1,30",2,46,13
"net.sourceforge.jvlt.ui.io.FinishExportDescriptor.ActionHandler",8,0,1,1,377,0,0,1,35,35,0,0,0,"8,00",0,7,8
"net.sourceforge.jvlt.ui.io.HTMLExportPanel",3,2,3,5,2,0,0,1,21,21,0,0,0,"1,00",1,6,3
"net.sourceforge.jvlt.ui.io.ImportDialog",7,1,1,2,146,0,0,0,18,18,0,0,0,"1,00",0,7,2
"net.sourceforge.jvlt.ui.io.ImportResultsDescriptor",13,9,14,23,145,1,0,2,82,82,0,2,0,"1,00",3,24,9
"net.sourceforge.jvlt.ui.io.ImportSuccessDescriptor",3,2,8,10,145,1,0,2,17,17,0,2,0,"1,00",1,5,3
"net.sourceforge.jvlt.ui.io.ImportWizardModel",23,6,23,29,145,2,0,3,121,119,0,11,2,"3,00",3,43,21
"net.sourceforge.jvlt.ui.io.SpinnerEditor",1,2,3,5,0,0,0,1,19,19,0,0,0,"1,00",2,3,3
"net.sourceforge.jvlt.ui.io.StartExportDescriptor",22,10,16,26,377,1,0,2,124,124,0,2,0,"1,36",4,45,15
"net.sourceforge.jvlt.ui.io.StartExportDescriptor.ActionHandler",3,0,1,1,377,0,0,1,8,8,0,0,0,"2,00",0,2,2
"net.sourceforge.jvlt.ui.io.StartExportDescriptor.DialogHandler",4,0,2,2,377,0,1,1,12,12,0,0,0,"3,00",0,3,3
"net.sourceforge.jvlt.ui.io.StartImportDescriptor",21,9,11,20,145,1,0,2,150,141,0,2,0,"2,50",2,54,15
"net.sourceforge.jvlt.ui.io.StartImportDescriptor.ActionHandler",9,0,1,1,145,0,0,1,33,33,0,0,0,"6,00",0,7,6
"net.sourceforge.jvlt.ui.quiz.EntryAnswerDescriptor",10,6,22,28,377,2,1,3,34,34,0,10,0,"1,00",2,15,6
"net.sourceforge.jvlt.ui.quiz.EntryDescriptor",28,5,15,20,377,1,0,4,90,79,4,2,0,"2,22",3,32,20
"net.sourceforge.jvlt.ui.quiz.EntryInputAnswerDescriptor",7,6,19,25,377,2,0,2,41,41,0,10,0,"1,75",1,11,7
"net.sourceforge.jvlt.ui.quiz.EntryInputDescriptor",20,9,25,34,377,2,0,2,116,114,0,8,2,"1,80",4,32,18
"net.sourceforge.jvlt.ui.quiz.EntryNullDescriptor",3,2,8,10,377,1,0,2,17,17,0,2,0,"1,00",1,5,3
"net.sourceforge.jvlt.ui.quiz.EntryQuestionDescriptor",9,6,19,25,377,2,0,2,40,40,0,9,1,"1,50",1,14,6
"net.sourceforge.jvlt.ui.quiz.FlagPanel",6,2,3,5,21,0,0,1,24,24,0,0,0,"1,00",1,9,3
"net.sourceforge.jvlt.ui.quiz.QuizDialogData",18,6,17,23,126,1,0,1,110,101,0,8,0,"2,43",2,33,17
"net.sourceforge.jvlt.ui.quiz.QuizDialogData.QuizListPanel",3,7,15,22,126,1,0,3,25,25,0,6,2,"1,25",1,9,5
"net.sourceforge.jvlt.ui.quiz.QuizModel",36,10,25,35,377,1,0,1,488,475,0,5,4,"8,71",7,87,122
"net.sourceforge.jvlt.ui.quiz.QuizModel.DictUpdateHandler",9,0,2,2,377,0,1,1,36,23,0,0,0,"6,00",0,8,6
"net.sourceforge.jvlt.ui.quiz.QuizOptionsDialogData",9,15,13,28,20,1,0,1,116,113,0,8,0,"2,00",0,16,6
"net.sourceforge.jvlt.ui.quiz.QuizOptionsDialogData.ActionHandler",2,0,1,1,20,0,0,1,17,17,0,0,0,"4,00",0,2,4
"net.sourceforge.jvlt.ui.quiz.QuizPanel",6,3,2,5,377,0,0,1,14,14,0,0,0,"1,00",1,5,2
"net.sourceforge.jvlt.ui.quiz.RepeatDescriptor",4,4,15,19,14,2,1,1,10,10,0,7,0,"1,00",1,5,2
"net.sourceforge.jvlt.ui.quiz.ResultDescriptor",10,11,25,36,48,2,1,2,116,116,0,7,0,"1,42",4,29,17
"net.sourceforge.jvlt.ui.quiz.ResultEntryTable",6,4,8,12,33,0,0,2,49,48,0,0,0,"1,75",4,14,14
"net.sourceforge.jvlt.ui.quiz.ResultEntryTable.Model",7,4,11,15,30,0,0,1,92,92,0,0,0,"2,36",7,19,26
"net.sourceforge.jvlt.ui.quiz.StatsDescriptor",33,13,20,33,377,1,0,2,400,381,0,2,0,"4,00",5,72,60
"net.sourceforge.jvlt.ui.quiz.StatsDescriptor.ActionHandler",3,0,1,1,377,0,0,1,7,7,0,0,0,"1,00",0,4,1
"net.sourceforge.jvlt.ui.quiz.YesNoDescriptor",10,4,13,17,13,1,1,2,42,42,2,2,0,"1,14",1,17,8
"net.sourceforge.jvlt.ui.quiz.YesNoPanel",7,8,8,16,6,0,0,1,76,76,0,0,0,"2,12",1,13,17
"net.sourceforge.jvlt.ui.table.ColumnSelectionDialogData",5,3,15,18,38,1,0,2,21,21,0,8,0,"1,00",1,11,5
"net.sourceforge.jvlt.ui.table.CustomFontCellRenderer",5,2,3,5,0,0,0,1,20,20,0,0,0,"1,33",2,3,4
"net.sourceforge.jvlt.ui.table.PercentCellRenderer",1,1,1,2,0,0,0,1,13,13,0,0,0,"1,00",1,1,1
"net.sourceforge.jvlt.ui.table.SortableTable",19,13,13,26,56,0,0,2,175,173,1,0,0,"2,54",6,38,33
"net.sourceforge.jvlt.ui.table.SortableTable.HeaderRenderer",1,1,2,3,56,0,0,1,17,17,0,0,0,"1,50",1,3,3
"net.sourceforge.jvlt.ui.table.SortableTable.MouseHandler",4,1,7,8,56,0,0,1,69,69,0,0,0,"2,29",2,12,16
"net.sourceforge.jvlt.ui.table.SortableTableModel",12,10,34,44,14,0,0,3,242,212,0,0,0,"1,59",19,45,54
"net.sourceforge.jvlt.ui.table.SortableTableModel.Directive",8,2,6,8,1,0,0,2,23,23,0,0,0,"1,00",2,6,6
"net.sourceforge.jvlt.ui.table.SortableTableModel.Row",4,2,3,5,14,0,0,1,49,49,0,0,0,"4,00",2,7,12
"net.sourceforge.jvlt.ui.table.SortableTableModel.SortOrder",8,4,4,8,0,n/a,0,1,48,23,n/a,0,0,"1,50",3,5,6
"net.sourceforge.jvlt.ui.utils.CustomAction",9,3,5,8,0,0,0,1,25,25,0,0,0,"1,20",0,5,6
"net.sourceforge.jvlt.ui.utils.CustomConstraints",64,1,5,6,0,0,0,1,26,26,0,0,0,"1,00",0,5,5
"net.sourceforge.jvlt.ui.utils.FontInfo",4,3,6,9,0,0,0,1,29,29,0,0,0,"1,17",4,6,7
"net.sourceforge.jvlt.ui.utils.GUIUtils",53,0,11,11,2,0,0,4,116,109,0,0,0,"1,73",10,14,19
"net.sourceforge.jvlt.ui.utils.LineBreaker",2,2,4,6,1,0,0,1,98,97,0,0,0,"5,25",3,7,21
"net.sourceforge.jvlt.ui.utils.LineBreaker.Result",2,3,6,9,0,0,0,2,31,31,0,0,0,"1,17",3,6,7
"net.sourceforge.jvlt.ui.utils.TablePrinter",10,7,13,20,10,0,0,1,230,206,0,0,0,"3,08",8,21,40
"net.sourceforge.jvlt.ui.utils.TablePrinter.ColumnInfo",1,3,0,3,0,0,0,0,5,5,0,0,0,n/a,0,0,0
"net.sourceforge.jvlt.ui.utils.XSLUtils",7,2,10,12,378,0,0,7,84,83,0,0,0,"1,90",10,17,19
"net.sourceforge.jvlt.ui.vocabulary.ChoiceListInputComponent",5,4,25,29,27,2,1,1,24,24,1,8,5,"1,00",2,12,5
"net.sourceforge.jvlt.ui.vocabulary.DateInputComponent",3,1,8,9,26,0,1,1,15,15,0,0,0,"1,00",2,7,4
"net.sourceforge.jvlt.ui.vocabulary.DictEntryTree",5,1,21,22,16,0,0,4,209,205,0,0,0,"2,29",9,23,48
"net.sourceforge.jvlt.ui.vocabulary.DictEntryTree.TreeCellRenderer",6,3,1,4,15,0,0,1,46,46,0,0,0,"5,00",1,6,5
"net.sourceforge.jvlt.ui.vocabulary.EmptyInputComponent",2,1,8,9,1,0,1,4,15,13,0,0,0,"1,00",2,4,4
"net.sourceforge.jvlt.ui.vocabulary.EntryClassInputComponent",5,3,22,25,15,2,1,1,18,18,0,13,0,"2,00",0,7,4
"net.sourceforge.jvlt.ui.vocabulary.EntryFilterPanel",22,12,11,23,377,0,0,2,161,147,0,0,0,"1,73",3,34,19
"net.sourceforge.jvlt.ui.vocabulary.EntryFilterPanel.ActionHandler",5,0,1,1,377,0,0,1,42,42,0,0,0,"10,00",0,8,10
"net.sourceforge.jvlt.ui.vocabulary.EntryFilterPanel.BasicEntryFilter",9,2,11,13,377,1,1,1,23,23,0,4,0,"2,00",1,11,6
"net.sourceforge.jvlt.ui.vocabulary.EntryFilterPanel.CustomFieldFilter",6,3,11,14,377,1,1,1,23,23,0,4,0,"1,00",1,9,3
"net.sourceforge.jvlt.ui.vocabulary.EntryFilterPanel.DialogHandler",7,0,2,2,377,0,1,1,15,15,0,0,0,"4,00",0,5,4
"net.sourceforge.jvlt.ui.vocabulary.EntryFilterPanel.FilterMode",5,10,2,12,1,n/a,0,0,15,15,n/a,0,0,"1,00",1,3,2
"net.sourceforge.jvlt.ui.vocabulary.EntryInfoPanel",24,13,17,30,377,1,1,1,146,140,0,2,2,"3,30",2,29,33
"net.sourceforge.jvlt.ui.vocabulary.EntryInfoPanel.Mode",3,2,0,2,0,n/a,0,0,1,1,n/a,0,0,n/a,0,0,0
"net.sourceforge.jvlt.ui.vocabulary.EntryList",5,2,4,6,14,0,0,1,37,37,0,0,0,"2,00",2,7,8
"net.sourceforge.jvlt.ui.vocabulary.EntryPanel",51,20,21,41,377,0,2,1,397,386,0,0,0,"3,20",1,111,64
"net.sourceforge.jvlt.ui.vocabulary.EntryQueryDialog",23,12,25,37,377,1,0,1,185,182,1,9,1,"2,08",1,43,25
"net.sourceforge.jvlt.ui.vocabulary.EntryQueryDialog.ComponentReplacementHandler",5,0,2,2,377,0,1,1,21,21,0,0,0,"3,00",0,6,3
"net.sourceforge.jvlt.ui.vocabulary.EntryQueryDialog.DictUpdateHandler",6,0,2,2,377,0,1,1,10,10,0,0,0,"3,00",0,2,3
"net.sourceforge.jvlt.ui.vocabulary.EntryQueryDialog.FilterMapEditorPanel",3,6,14,20,377,1,0,3,20,20,0,7,1,"1,33",1,8,4
"net.sourceforge.jvlt.ui.vocabulary.EntryQueryDialog.PropertyChangeHandler",1,0,1,1,377,0,0,1,7,7,0,0,0,"2,00",0,2,2
"net.sourceforge.jvlt.ui.vocabulary.EntryQueryRow",49,10,12,22,156,0,0,1,258,229,0,0,0,"3,83",4,59,46
"net.sourceforge.jvlt.ui.vocabulary.EntrySelectionDialogData",32,15,21,36,377,1,1,2,269,263,0,8,0,"3,18",2,65,35
"net.sourceforge.jvlt.ui.vocabulary.EntrySelectionDialogData.PropertyChangeHandler",2,0,1,1,377,0,0,1,7,7,0,0,0,"2,00",0,2,2
"net.sourceforge.jvlt.ui.vocabulary.EntrySelectionDialogData.State",5,12,18,30,377,0,0,8,68,68,0,0,0,"1,00",8,19,18
"net.sourceforge.jvlt.ui.vocabulary.ExampleDialogData",30,19,25,44,377,1,0,1,456,397,0,5,3,"3,40",0,74,51
"net.sourceforge.jvlt.ui.vocabulary.ExampleDocument",5,2,4,6,16,0,0,1,134,125,0,0,0,"6,75",0,15,27
"net.sourceforge.jvlt.ui.vocabulary.ExampleFilter",3,2,9,11,17,1,0,1,34,34,0,2,0,"2,00",2,7,10
"net.sourceforge.jvlt.ui.vocabulary.ExampleInfoPanel",18,8,12,20,110,1,1,2,81,75,0,2,2,"3,40",0,22,17
"net.sourceforge.jvlt.ui.vocabulary.ExampleList",3,2,3,5,16,0,0,1,19,19,0,0,0,"1,33",1,4,4
"net.sourceforge.jvlt.ui.vocabulary.ExamplePanel",43,16,17,33,377,0,2,1,316,305,0,0,0,"3,25",0,87,52
"net.sourceforge.jvlt.ui.vocabulary.ExampleSenseTable",10,16,16,32,63,1,0,2,44,44,0,10,0,"2,67",1,18,8
"net.sourceforge.jvlt.ui.vocabulary.ExampleSenseTable.TextFragmentMetaData",6,4,10,14,26,1,0,1,11,11,0,6,1,"1,00",0,7,2
"net.sourceforge.jvlt.ui.vocabulary.ExampleSenseTable.TextFragmentMetaData.OriginalAttribute",5,2,18,20,18,1,1,1,10,10,0,9,1,"1,00",1,6,2
"net.sourceforge.jvlt.ui.vocabulary.ExampleSenseTable.TextFragmentMetaData.PronunciationAttribute",6,2,18,20,18,1,1,1,11,11,0,9,1,"1,00",1,7,2
"net.sourceforge.jvlt.ui.vocabulary.ExampleSenseTable.TextFragmentMetaData.SenseAttribute",4,2,18,20,18,1,1,1,10,10,0,9,1,"1,00",1,5,2
"net.sourceforge.jvlt.ui.vocabulary.ExampleTextField",5,2,4,6,18,0,0,2,26,26,0,0,0,"1,25",2,9,5
"net.sourceforge.jvlt.ui.vocabulary.Filter",2,1,4,5,0,0,0,1,15,15,1,0,0,"1,00",1,4,4
"net.sourceforge.jvlt.ui.vocabulary.InfoPanel",13,6,7,13,109,0,1,4,52,51,2,0,0,"1,17",1,14,7
"net.sourceforge.jvlt.ui.vocabulary.NumberInputComponent",3,1,8,9,8,0,1,1,20,20,0,0,0,"1,25",2,5,5
"net.sourceforge.jvlt.ui.vocabulary.SimpleEntryQueryDialog",4,12,26,38,377,2,0,0,7,7,0,13,0,"1,00",0,3,1
"net.sourceforge.jvlt.ui.vocabulary.StringListInput",8,3,4,7,26,0,0,1,40,40,0,0,0,"1,00",1,13,5
"net.sourceforge.jvlt.ui.vocabulary.StringListInput.StringListDialog",5,2,1,3,24,0,0,0,26,26,0,0,0,"1,00",0,8,2
"net.sourceforge.jvlt.ui.vocabulary.UserFlagsInputComponent",6,4,28,32,41,3,1,2,28,28,0,14,2,"2,00",1,9,6
"net.sourceforge.jvlt.ui.vocabulary.entrydialog.AbstractEntryDialog",21,10,26,36,377,1,0,4,178,104,2,10,0,"1,57",6,42,22
"net.sourceforge.jvlt.ui.vocabulary.entrydialog.AbstractEntryDialog.MeaningsArea",22,10,8,18,377,0,0,1,250,195,0,0,0,"1,86",4,21,26
"net.sourceforge.jvlt.ui.vocabulary.entrydialog.AbstractEntryDialog.TextFieldArea",16,5,10,15,125,0,0,1,170,114,0,0,0,"1,73",5,34,19
"net.sourceforge.jvlt.ui.vocabulary.entrydialog.AddEntryDialog",14,12,32,44,377,2,0,2,54,50,0,16,3,"1,50",2,29,9
"net.sourceforge.jvlt.ui.vocabulary.entrydialog.AddEntryDialog.DialogHandler",10,0,2,2,377,0,1,1,21,21,0,0,0,"4,00",0,11,4
"net.sourceforge.jvlt.ui.vocabulary.entrydialog.AddSenseDialogData",7,8,17,25,121,2,0,1,14,14,0,10,0,"1,50",0,6,3
"net.sourceforge.jvlt.ui.vocabulary.entrydialog.AdvancedEntryDialogData",27,14,15,29,377,1,0,1,185,172,0,6,2,"6,20",0,50,31
"net.sourceforge.jvlt.ui.vocabulary.entrydialog.ArrayAttributeInput",9,6,11,17,35,2,0,1,25,25,0,0,3,"1,00",1,11,4
"net.sourceforge.jvlt.ui.vocabulary.entrydialog.ChoiceAttributeInput",10,5,7,12,22,1,0,1,38,38,1,0,0,"1,50",1,17,6
"net.sourceforge.jvlt.ui.vocabulary.entrydialog.CustomFieldPanel",8,11,9,20,8,0,0,2,152,147,0,0,0,"1,73",1,21,26
"net.sourceforge.jvlt.ui.vocabulary.entrydialog.CustomFieldPanel.CustomFieldCellEditor",1,1,3,4,0,0,0,1,16,16,0,0,0,"1,33",1,3,4
"net.sourceforge.jvlt.ui.vocabulary.entrydialog.CustomFieldPanel.CustomFieldCellRenderer",2,1,1,2,1,0,0,1,16,16,0,0,0,"2,00",1,2,2
"net.sourceforge.jvlt.ui.vocabulary.entrydialog.CustomFieldPanel.CustomFieldTableModel",2,3,9,12,1,0,0,5,76,73,0,0,0,"2,11",6,10,19
"net.sourceforge.jvlt.ui.vocabulary.entrydialog.EditEntryDialog",6,12,28,40,377,2,0,1,19,19,0,19,0,"1,50",0,8,3
"net.sourceforge.jvlt.ui.vocabulary.entrydialog.EditEntryDialog.DialogHandler",13,0,2,2,377,0,1,1,32,29,0,0,0,"5,00",0,12,5
"net.sourceforge.jvlt.ui.vocabulary.entrydialog.EditSenseDialogData",7,9,17,26,121,2,0,1,19,19,0,10,0,"2,00",0,6,4
"net.sourceforge.jvlt.ui.vocabulary.entrydialog.EntryAttributeSchemaPanel",8,8,5,13,40,0,0,1,97,97,0,0,0,"2,50",1,20,15
"net.sourceforge.jvlt.ui.vocabulary.entrydialog.EntryClassPanel",12,4,7,11,38,0,0,1,89,85,0,0,0,"2,43",4,24,17
"net.sourceforge.jvlt.ui.vocabulary.entrydialog.FileSelectionPanel",10,14,10,24,15,0,0,3,112,112,0,0,0,"1,30",3,19,13
"net.sourceforge.jvlt.ui.vocabulary.entrydialog.FileSelectionPanel.ActionHandler",3,0,1,1,15,0,0,1,71,71,0,0,0,"15,00",0,4,15
"net.sourceforge.jvlt.ui.vocabulary.entrydialog.FileSelectionPanel.ChangeHandler",1,0,1,1,15,0,0,1,5,5,0,0,0,"1,00",0,2,1
"net.sourceforge.jvlt.ui.vocabulary.entrydialog.FileSelectionPanel.ListSelectionHandler",1,0,1,1,15,0,0,1,7,7,0,0,0,"2,00",0,2,2
"net.sourceforge.jvlt.ui.vocabulary.entrydialog.FlagSelectionPanel",5,3,3,6,17,0,0,1,52,45,0,0,0,"3,33",0,10,10
"net.sourceforge.jvlt.ui.vocabulary.entrydialog.SchemaAttributeInput",6,3,3,6,2,0,0,2,11,11,2,0,0,"1,00",1,4,1
"net.sourceforge.jvlt.ui.vocabulary.entrydialog.SenseDialogData",16,8,15,23,120,1,0,1,73,69,2,8,0,"2,00",1,31,8
"net.sourceforge.jvlt.ui.vocabulary.entrydialog.SimpleAttributeInput",5,4,6,10,11,1,0,1,30,30,0,0,0,"1,67",1,8,5
"net.sourceforge.jvlt.ui.wizard.DialogWizardModel",11,7,16,23,111,1,0,2,24,24,2,9,0,"1,20",1,6,6
"net.sourceforge.jvlt.ui.wizard.Wizard",16,12,12,24,9,0,0,1,123,123,0,0,0,"1,42",3,27,17
"net.sourceforge.jvlt.ui.wizard.WizardModel",15,3,11,14,9,0,0,8,39,39,2,0,0,"1,00",7,14,10
"net.sourceforge.jvlt.ui.wizard.WizardModel.InvalidInputException",5,2,5,7,1,1,0,0,6,6,0,2,0,"1,00",0,2,1
"net.sourceforge.jvlt.ui.wizard.WizardPanelDescriptor",23,2,5,7,9,0,0,3,22,17,10,0,0,"1,00",2,5,4
"net.sourceforge.jvlt.utils.AttributeResources",15,2,3,5,0,0,0,1,26,26,0,0,0,"2,00",2,3,6
"net.sourceforge.jvlt.utils.ChoiceFormatter",8,3,4,7,0,0,0,1,23,23,0,0,0,"1,00",1,4,4
"net.sourceforge.jvlt.utils.CollatingEntryComparator",3,1,2,3,15,0,0,1,9,9,0,0,0,"1,00",1,4,2
"net.sourceforge.jvlt.utils.Config",n/a,n/a,n/a,n/a,n/a,n/a,n/a,n/a,n/a,n/a,n/a,n/a,n/a,n/a,n/a,18,n/a
"net.sourceforge.jvlt.utils.CustomCollator",3,1,2,3,0,0,0,1,30,26,0,0,0,"2,00",1,2,4
"net.sourceforge.jvlt.utils.DefaultComparator",1,1,2,3,0,0,0,2,16,16,0,0,0,"3,00",2,2,6
"net.sourceforge.jvlt.utils.DetailedException",9,2,4,6,0,0,0,2,17,17,2,0,0,"1,00",2,4,4
"net.sourceforge.jvlt.utils.DictObjectFormatter",4,1,2,3,1,0,0,1,16,16,0,0,0,"2,00",1,4,4
"net.sourceforge.jvlt.utils.ExampleBuilder",8,1,6,7,17,0,0,1,93,87,0,0,0,"3,50",2,17,21
"net.sourceforge.jvlt.utils.FileUtils",8,0,5,5,0,0,0,3,53,49,0,0,0,"2,00",5,5,10
"net.sourceforge.jvlt.utils.I18nService",88,0,4,4,0,0,0,1,24,24,0,0,0,"1,25",4,4,5
"net.sourceforge.jvlt.utils.ItemContainer",11,5,14,19,2,0,0,1,85,85,0,0,0,"1,64",7,15,23
"net.sourceforge.jvlt.utils.PropertyMap",10,2,7,9,0,0,0,1,51,44,0,0,0,"1,57",2,7,11
"net.sourceforge.jvlt.utils.SimpleFileFilter",4,2,5,7,0,0,0,2,32,32,0,0,0,"1,60",2,5,8
"net.sourceforge.jvlt.utils.SimpleHTMLParser",4,7,5,12,0,0,0,1,102,95,0,0,0,"4,20",1,5,21
"net.sourceforge.jvlt.utils.UIConfig",20,4,47,51,3,0,1,5,258,236,0,0,0,"1,76",16,33,51
"net.sourceforge.jvlt.utils.Utils",30,1,16,17,1,0,0,11,190,162,0,0,0,"2,81",15,16,45
"net.sourceforge.jvlt.utils.XMLUtils",5,0,3,3,0,0,0,2,24,24,0,0,0,"1,00",3,3,3
"net.sourceforge.jvlt.utils.XSLTransformer",5,1,6,7,0,0,0,3,52,51,0,0,0,"1,00",3,6,6

