Class,Cyclic,Dcy,Dcy*,Dpt,Dpt*
"org.eclipse.jdt.core.BufferChangedEvent",508,1,1.054,3,530
"org.eclipse.jdt.core.CheckDebugAttributes",0,7,1.056,0,0
"org.eclipse.jdt.core.ClasspathContainerInitializer",508,2,1.054,4,530
"org.eclipse.jdt.core.ClasspathVariableInitializer",0,0,0,1,531
"org.eclipse.jdt.core.CompletionProposal",508,4,1.054,5,530
"org.eclipse.jdt.core.CompletionRequestor",508,2,1.054,15,530
"org.eclipse.jdt.core.CompletionRequestorAdapter",0,2,3,0,0
"org.eclipse.jdt.core.CorrectionEngine",0,20,1.056,0,0
"org.eclipse.jdt.core.ElementChangedEvent",508,1,1.054,4,530
"org.eclipse.jdt.core.Flags",0,1,273,23,531
"org.eclipse.jdt.core.JDTCompilerAdapter",0,3,274,0,0
"org.eclipse.jdt.core.JavaConventions",508,14,1.054,11,530
"org.eclipse.jdt.core.JavaCore",508,44,1.054,50,530
"org.eclipse.jdt.core.JavaModelException",508,2,1.054,139,530
"org.eclipse.jdt.core.NamingConventions",0,7,1.056,0,0
"org.eclipse.jdt.core.NamingConventions.NamingRequestor",0,2,2,1,1
"org.eclipse.jdt.core.Signature",0,2,2,42,540
"org.eclipse.jdt.core.ToolFactory",508,26,1.054,4,530
"org.eclipse.jdt.core.WorkingCopyOwner",508,4,1.054,39,530
"org.eclipse.jdt.core.compiler.CharOperation",0,1,1,210,872
"org.eclipse.jdt.core.compiler.InvalidInputException",0,0,0,29,832
"org.eclipse.jdt.core.dom.AST",508,110,1.054,116,530
"org.eclipse.jdt.core.dom.ASTConverter",508,206,1.054,3,530
"org.eclipse.jdt.core.dom.ASTMatcher",508,88,1.054,84,530
"org.eclipse.jdt.core.dom.ASTNode",508,93,1.054,145,530
"org.eclipse.jdt.core.dom.ASTNode.NodeList",508,4,1.054,36,530
"org.eclipse.jdt.core.dom.ASTNode.NodeList.Cursor",508,1,1.054,2,530
"org.eclipse.jdt.core.dom.ASTParser",508,44,1.054,1,530
"org.eclipse.jdt.core.dom.ASTRequestor",508,5,1.054,2,530
"org.eclipse.jdt.core.dom.ASTSyntaxErrorPropagator",508,10,1.054,2,530
"org.eclipse.jdt.core.dom.ASTVisitor",508,84,1.054,89,530
"org.eclipse.jdt.core.dom.AbstractTypeDeclaration",508,13,1.054,12,530
"org.eclipse.jdt.core.dom.Annotation",508,10,1.054,7,530
"org.eclipse.jdt.core.dom.AnnotationTypeDeclaration",508,14,1.054,12,530
"org.eclipse.jdt.core.dom.AnnotationTypeMemberDeclaration",508,16,1.054,11,530
"org.eclipse.jdt.core.dom.AnonymousClassDeclaration",508,9,1.054,14,530
"org.eclipse.jdt.core.dom.ArrayAccess",508,7,1.054,10,530
"org.eclipse.jdt.core.dom.ArrayCreation",508,11,1.054,10,530
"org.eclipse.jdt.core.dom.ArrayInitializer",508,7,1.054,11,530
"org.eclipse.jdt.core.dom.ArrayType",508,7,1.054,13,530
"org.eclipse.jdt.core.dom.AssertStatement",508,8,1.054,9,530
"org.eclipse.jdt.core.dom.Assignment",508,9,1.054,10,530
"org.eclipse.jdt.core.dom.Assignment.Operator",0,1,1,3,531
"org.eclipse.jdt.core.dom.BindingComparator",0,13,273,3,531
"org.eclipse.jdt.core.dom.BindingKey",508,30,1.054,1,530
"org.eclipse.jdt.core.dom.BindingKeyScanner",0,2,2,2,531
"org.eclipse.jdt.core.dom.BindingResolver",508,35,1.054,32,530
"org.eclipse.jdt.core.dom.Block",508,7,1.054,23,530
"org.eclipse.jdt.core.dom.BlockComment",508,5,1.054,8,530
"org.eclipse.jdt.core.dom.BodyDeclaration",508,10,1.054,21,530
"org.eclipse.jdt.core.dom.BooleanLiteral",508,6,1.054,10,530
"org.eclipse.jdt.core.dom.BreakStatement",508,7,1.054,9,530
"org.eclipse.jdt.core.dom.CastExpression",508,9,1.054,10,530
"org.eclipse.jdt.core.dom.CatchClause",508,7,1.054,10,530
"org.eclipse.jdt.core.dom.CharacterLiteral",508,10,1.054,10,530
"org.eclipse.jdt.core.dom.ChildListPropertyDescriptor",508,1,1.054,40,530
"org.eclipse.jdt.core.dom.ChildPropertyDescriptor",508,2,1.054,73,530
"org.eclipse.jdt.core.dom.ClassInstanceCreation",508,15,1.054,11,530
"org.eclipse.jdt.core.dom.Comment",508,5,1.054,6,530
"org.eclipse.jdt.core.dom.CompilationUnit",508,18,1.054,23,530
"org.eclipse.jdt.core.dom.CompilationUnitResolver",508,61,1.054,3,530
"org.eclipse.jdt.core.dom.ConditionalExpression",508,7,1.054,10,530
"org.eclipse.jdt.core.dom.ConstructorInvocation",508,11,1.054,11,530
"org.eclipse.jdt.core.dom.ContinueStatement",508,7,1.054,9,530
"org.eclipse.jdt.core.dom.DefaultASTVisitor",508,71,1.054,2,530
"org.eclipse.jdt.core.dom.DefaultBindingResolver",508,118,1.054,5,530
"org.eclipse.jdt.core.dom.DefaultBindingResolver.BindingTables",0,0,0,4,531
"org.eclipse.jdt.core.dom.DefaultCommentMapper",508,10,1.054,3,530
"org.eclipse.jdt.core.dom.DefaultCommentMapper.CommentMapperVisitor",508,4,1.054,1,530
"org.eclipse.jdt.core.dom.DoStatement",508,9,1.054,9,530
"org.eclipse.jdt.core.dom.DocCommentParser",508,19,1.054,1,530
"org.eclipse.jdt.core.dom.EmptyStatement",508,5,1.054,10,530
"org.eclipse.jdt.core.dom.EnhancedForStatement",508,11,1.054,8,530
"org.eclipse.jdt.core.dom.EnumConstantDeclaration",508,15,1.054,13,530
"org.eclipse.jdt.core.dom.EnumDeclaration",508,16,1.054,11,530
"org.eclipse.jdt.core.dom.Expression",508,4,1.054,54,530
"org.eclipse.jdt.core.dom.ExpressionStatement",508,8,1.054,9,530
"org.eclipse.jdt.core.dom.FieldAccess",508,9,1.054,11,530
"org.eclipse.jdt.core.dom.FieldDeclaration",508,13,1.054,15,530
"org.eclipse.jdt.core.dom.ForStatement",508,10,1.054,9,530
"org.eclipse.jdt.core.dom.IfStatement",508,9,1.054,9,530
"org.eclipse.jdt.core.dom.ImportDeclaration",508,10,1.054,13,530
"org.eclipse.jdt.core.dom.InfixExpression",508,11,1.054,10,530
"org.eclipse.jdt.core.dom.InfixExpression.Operator",0,1,1,3,531
"org.eclipse.jdt.core.dom.Initializer",508,11,1.054,12,530
"org.eclipse.jdt.core.dom.InstanceofExpression",508,9,1.054,10,530
"org.eclipse.jdt.core.dom.InternalASTRewrite",508,12,1.054,1,530
"org.eclipse.jdt.core.dom.Javadoc",508,13,1.054,21,530
"org.eclipse.jdt.core.dom.LabeledStatement",508,8,1.054,9,530
"org.eclipse.jdt.core.dom.LineComment",508,5,1.054,8,530
"org.eclipse.jdt.core.dom.MarkerAnnotation",508,7,1.054,9,530
"org.eclipse.jdt.core.dom.MemberRef",508,10,1.054,12,530
"org.eclipse.jdt.core.dom.MemberValuePair",508,7,1.054,9,530
"org.eclipse.jdt.core.dom.Message",0,0,0,1,531
"org.eclipse.jdt.core.dom.MethodBinding",508,35,1.054,1,530
"org.eclipse.jdt.core.dom.MethodDeclaration",508,19,1.054,19,530
"org.eclipse.jdt.core.dom.MethodInvocation",508,12,1.054,12,530
"org.eclipse.jdt.core.dom.MethodRef",508,13,1.054,12,530
"org.eclipse.jdt.core.dom.MethodRefParameter",508,8,1.054,11,530
"org.eclipse.jdt.core.dom.Modifier",508,7,1.054,17,530
"org.eclipse.jdt.core.dom.Modifier.ModifierKeyword",508,2,1.054,9,530
"org.eclipse.jdt.core.dom.NaiveASTFlattener",508,99,1.054,1,530
"org.eclipse.jdt.core.dom.Name",508,8,1.054,29,530
"org.eclipse.jdt.core.dom.NodeEventHandler",508,3,1.054,2,530
"org.eclipse.jdt.core.dom.NodeSearcher",0,12,273,2,531
"org.eclipse.jdt.core.dom.NormalAnnotation",508,10,1.054,9,530
"org.eclipse.jdt.core.dom.NullLiteral",508,5,1.054,10,530
"org.eclipse.jdt.core.dom.NumberLiteral",508,10,1.054,10,530
"org.eclipse.jdt.core.dom.PackageBinding",508,10,1.054,1,530
"org.eclipse.jdt.core.dom.PackageDeclaration",508,13,1.054,13,530
"org.eclipse.jdt.core.dom.ParameterizedType",508,9,1.054,10,530
"org.eclipse.jdt.core.dom.ParenthesizedExpression",508,7,1.054,10,530
"org.eclipse.jdt.core.dom.PostfixExpression",508,9,1.054,10,530
"org.eclipse.jdt.core.dom.PostfixExpression.Operator",0,1,1,3,531
"org.eclipse.jdt.core.dom.PrefixExpression",508,9,1.054,10,530
"org.eclipse.jdt.core.dom.PrefixExpression.Operator",0,1,1,3,531
"org.eclipse.jdt.core.dom.PrimitiveType",508,8,1.054,24,530
"org.eclipse.jdt.core.dom.PrimitiveType.Code",0,0,0,6,531
"org.eclipse.jdt.core.dom.QualifiedName",508,7,1.054,11,530
"org.eclipse.jdt.core.dom.QualifiedType",508,8,1.054,10,530
"org.eclipse.jdt.core.dom.ReturnStatement",508,7,1.054,9,530
"org.eclipse.jdt.core.dom.SimpleName",508,20,1.054,60,530
"org.eclipse.jdt.core.dom.SimplePropertyDescriptor",508,2,1.054,35,530
"org.eclipse.jdt.core.dom.SimpleType",508,8,1.054,16,530
"org.eclipse.jdt.core.dom.SingleMemberAnnotation",508,9,1.054,9,530
"org.eclipse.jdt.core.dom.SingleVariableDeclaration",508,16,1.054,16,530
"org.eclipse.jdt.core.dom.Statement",508,6,1.054,26,530
"org.eclipse.jdt.core.dom.StringLiteral",508,10,1.054,10,530
"org.eclipse.jdt.core.dom.StructuralPropertyDescriptor",508,3,1.054,18,530
"org.eclipse.jdt.core.dom.SuperConstructorInvocation",508,12,1.054,11,530
"org.eclipse.jdt.core.dom.SuperFieldAccess",508,10,1.054,11,530
"org.eclipse.jdt.core.dom.SuperMethodInvocation",508,13,1.054,11,530
"org.eclipse.jdt.core.dom.SwitchCase",508,8,1.054,9,530
"org.eclipse.jdt.core.dom.SwitchStatement",508,10,1.054,9,530
"org.eclipse.jdt.core.dom.SynchronizedStatement",508,9,1.054,9,530
"org.eclipse.jdt.core.dom.TagElement",508,8,1.054,11,530
"org.eclipse.jdt.core.dom.TextElement",508,6,1.054,9,530
"org.eclipse.jdt.core.dom.ThisExpression",508,7,1.054,10,530
"org.eclipse.jdt.core.dom.ThrowStatement",508,8,1.054,9,530
"org.eclipse.jdt.core.dom.TryStatement",508,10,1.054,10,530
"org.eclipse.jdt.core.dom.Type",508,10,1.054,34,530
"org.eclipse.jdt.core.dom.TypeBinding",508,39,1.054,2,530
"org.eclipse.jdt.core.dom.TypeDeclaration",508,19,1.054,16,530
"org.eclipse.jdt.core.dom.TypeDeclarationStatement",508,10,1.054,10,530
"org.eclipse.jdt.core.dom.TypeLiteral",508,8,1.054,10,530
"org.eclipse.jdt.core.dom.TypeParameter",508,11,1.054,13,530
"org.eclipse.jdt.core.dom.VariableBinding",508,25,1.054,1,530
"org.eclipse.jdt.core.dom.VariableDeclaration",508,8,1.054,6,530
"org.eclipse.jdt.core.dom.VariableDeclarationExpression",508,15,1.054,11,530
"org.eclipse.jdt.core.dom.VariableDeclarationFragment",508,9,1.054,15,530
"org.eclipse.jdt.core.dom.VariableDeclarationStatement",508,15,1.054,11,530
"org.eclipse.jdt.core.dom.WhileStatement",508,9,1.054,9,530
"org.eclipse.jdt.core.dom.WildcardType",508,7,1.054,10,530
"org.eclipse.jdt.core.dom.rewrite.ASTRewrite",1,15,1.058,1,1
"org.eclipse.jdt.core.dom.rewrite.ListRewrite",1,10,1.058,1,1
"org.eclipse.jdt.core.formatter.CodeFormatter",0,0,0,6,531
"org.eclipse.jdt.core.formatter.DefaultCodeFormatterConstants",508,3,1.054,6,530
"org.eclipse.jdt.core.jdom.DOMException",0,0,0,4,531
"org.eclipse.jdt.core.jdom.DOMFactory",508,11,1.054,12,530
"org.eclipse.jdt.core.search.FieldDeclarationMatch",508,3,1.054,2,530
"org.eclipse.jdt.core.search.FieldReferenceMatch",508,3,1.054,1,530
"org.eclipse.jdt.core.search.LocalVariableDeclarationMatch",508,3,1.054,1,530
"org.eclipse.jdt.core.search.LocalVariableReferenceMatch",508,3,1.054,1,530
"org.eclipse.jdt.core.search.MethodDeclarationMatch",508,3,1.054,2,530
"org.eclipse.jdt.core.search.MethodReferenceMatch",508,3,1.054,1,530
"org.eclipse.jdt.core.search.PackageDeclarationMatch",508,3,1.054,1,530
"org.eclipse.jdt.core.search.PackageReferenceMatch",508,3,1.054,1,530
"org.eclipse.jdt.core.search.SearchDocument",508,2,1.054,12,530
"org.eclipse.jdt.core.search.SearchEngine",508,22,1.054,7,530
"org.eclipse.jdt.core.search.SearchEngine.ResultCollectorAdapter",508,4,1.054,1,530
"org.eclipse.jdt.core.search.SearchEngine.SearchPatternAdapter",508,2,1.054,1,530
"org.eclipse.jdt.core.search.SearchMatch",508,3,1.054,24,530
"org.eclipse.jdt.core.search.SearchParticipant",508,6,1.054,31,530
"org.eclipse.jdt.core.search.SearchPattern",508,33,1.054,38,530
"org.eclipse.jdt.core.search.SearchRequestor",508,2,1.054,6,530
"org.eclipse.jdt.core.search.TypeDeclarationMatch",508,3,1.054,2,530
"org.eclipse.jdt.core.search.TypeReferenceMatch",508,3,1.054,1,530
"org.eclipse.jdt.core.util.ByteCodeVisitorAdapter",0,2,2,0,0
"org.eclipse.jdt.core.util.ClassFileBytesDisassembler",0,1,1,2,531
"org.eclipse.jdt.core.util.ClassFormatException",0,0,0,31,563
"org.eclipse.jdt.core.util.CompilationUnitSorter",14,4,1.070,7,14
"org.eclipse.jdt.core.util.OpcodeStringValues",0,1,1,1,531
"org.eclipse.jdt.internal.antadapter.AntAdapterMessages",0,0,0,2,2
"org.eclipse.jdt.internal.codeassist.CompletionEngine",508,136,1.054,6,530
"org.eclipse.jdt.internal.codeassist.CompletionRequestorWrapper",508,10,1.054,5,530
"org.eclipse.jdt.internal.codeassist.InternalCompletionProposal",508,11,1.054,3,530
"org.eclipse.jdt.internal.codeassist.SelectionEngine",508,71,1.054,5,530
"org.eclipse.jdt.internal.codeassist.complete.CompletionNodeDetector",0,36,273,1,532
"org.eclipse.jdt.internal.codeassist.complete.CompletionNodeFound",0,3,273,19,557
"org.eclipse.jdt.internal.codeassist.complete.CompletionOnArgumentName",0,11,274,2,532
"org.eclipse.jdt.internal.codeassist.complete.CompletionOnClassLiteralAccess",0,6,274,2,532
"org.eclipse.jdt.internal.codeassist.complete.CompletionOnClassReference",0,2,276,2,532
"org.eclipse.jdt.internal.codeassist.complete.CompletionOnExceptionReference",0,2,276,2,532
"org.eclipse.jdt.internal.codeassist.complete.CompletionOnExplicitConstructorCall",0,9,274,2,532
"org.eclipse.jdt.internal.codeassist.complete.CompletionOnFieldName",0,7,274,2,532
"org.eclipse.jdt.internal.codeassist.complete.CompletionOnFieldType",1,7,275,3,536
"org.eclipse.jdt.internal.codeassist.complete.CompletionOnImportReference",0,3,273,2,532
"org.eclipse.jdt.internal.codeassist.complete.CompletionOnInterfaceReference",0,2,276,2,532
"org.eclipse.jdt.internal.codeassist.complete.CompletionOnKeyword1",0,5,275,1,532
"org.eclipse.jdt.internal.codeassist.complete.CompletionOnKeyword2",0,4,274,1,532
"org.eclipse.jdt.internal.codeassist.complete.CompletionOnKeyword3",0,5,275,1,532
"org.eclipse.jdt.internal.codeassist.complete.CompletionOnLocalName",0,7,274,2,532
"org.eclipse.jdt.internal.codeassist.complete.CompletionOnMemberAccess",0,5,274,2,532
"org.eclipse.jdt.internal.codeassist.complete.CompletionOnMessageSend",0,8,274,2,532
"org.eclipse.jdt.internal.codeassist.complete.CompletionOnMethodName",0,9,274,2,532
"org.eclipse.jdt.internal.codeassist.complete.CompletionOnMethodReturnType",0,7,274,2,532
"org.eclipse.jdt.internal.codeassist.complete.CompletionOnMethodTypeParameter",0,9,274,1,532
"org.eclipse.jdt.internal.codeassist.complete.CompletionOnPackageReference",0,4,273,2,532
"org.eclipse.jdt.internal.codeassist.complete.CompletionOnParameterizedQualifiedTypeReference",0,9,274,2,532
"org.eclipse.jdt.internal.codeassist.complete.CompletionOnQualifiedAllocationExpression",0,11,274,2,532
"org.eclipse.jdt.internal.codeassist.complete.CompletionOnQualifiedClassReference",0,3,275,2,532
"org.eclipse.jdt.internal.codeassist.complete.CompletionOnQualifiedExceptionReference",0,3,275,2,532
"org.eclipse.jdt.internal.codeassist.complete.CompletionOnQualifiedInterfaceReference",0,3,275,2,532
"org.eclipse.jdt.internal.codeassist.complete.CompletionOnQualifiedNameReference",0,11,274,2,532
"org.eclipse.jdt.internal.codeassist.complete.CompletionOnQualifiedTypeReference",0,8,274,5,535
"org.eclipse.jdt.internal.codeassist.complete.CompletionOnSingleNameReference",0,4,274,2,532
"org.eclipse.jdt.internal.codeassist.complete.CompletionOnSingleTypeReference",1,8,275,6,536
"org.eclipse.jdt.internal.codeassist.complete.CompletionParser",0,97,308,1,531
"org.eclipse.jdt.internal.codeassist.complete.CompletionScanner",0,6,274,2,532
"org.eclipse.jdt.internal.codeassist.complete.InvalidCursorLocation",0,0,0,2,533
"org.eclipse.jdt.internal.codeassist.impl.AssistOptions",0,1,2,4,531
"org.eclipse.jdt.internal.codeassist.impl.AssistParser",0,39,273,5,533
"org.eclipse.jdt.internal.codeassist.impl.Engine",508,34,1.054,2,530
"org.eclipse.jdt.internal.codeassist.select.SelectionNodeFound",0,1,273,16,547
"org.eclipse.jdt.internal.codeassist.select.SelectionOnArgumentName",0,10,274,1,532
"org.eclipse.jdt.internal.codeassist.select.SelectionOnExplicitConstructorCall",0,8,274,1,532
"org.eclipse.jdt.internal.codeassist.select.SelectionOnFieldReference",0,6,274,1,532
"org.eclipse.jdt.internal.codeassist.select.SelectionOnFieldType",0,6,273,1,532
"org.eclipse.jdt.internal.codeassist.select.SelectionOnImportReference",0,3,273,2,532
"org.eclipse.jdt.internal.codeassist.select.SelectionOnLocalName",0,6,274,1,532
"org.eclipse.jdt.internal.codeassist.select.SelectionOnMessageSend",0,13,274,1,532
"org.eclipse.jdt.internal.codeassist.select.SelectionOnNameOfMemberValuePair",0,5,274,1,532
"org.eclipse.jdt.internal.codeassist.select.SelectionOnPackageReference",0,4,273,2,532
"org.eclipse.jdt.internal.codeassist.select.SelectionOnParameterizedQualifiedTypeReference",0,13,274,1,532
"org.eclipse.jdt.internal.codeassist.select.SelectionOnParameterizedSingleTypeReference",0,9,274,1,532
"org.eclipse.jdt.internal.codeassist.select.SelectionOnQualifiedAllocationExpression",0,13,274,1,532
"org.eclipse.jdt.internal.codeassist.select.SelectionOnQualifiedNameReference",0,13,274,1,532
"org.eclipse.jdt.internal.codeassist.select.SelectionOnQualifiedSuperReference",0,6,274,1,532
"org.eclipse.jdt.internal.codeassist.select.SelectionOnQualifiedTypeReference",0,9,274,2,532
"org.eclipse.jdt.internal.codeassist.select.SelectionOnSingleNameReference",0,12,274,1,532
"org.eclipse.jdt.internal.codeassist.select.SelectionOnSingleTypeReference",0,10,274,2,532
"org.eclipse.jdt.internal.codeassist.select.SelectionOnSuperReference",0,5,274,1,532
"org.eclipse.jdt.internal.codeassist.select.SelectionParser",0,59,294,1,531
"org.eclipse.jdt.internal.codeassist.select.SelectionScanner",0,2,273,1,532
"org.eclipse.jdt.internal.compiler.ASTVisitor",208,92,272,107,830
"org.eclipse.jdt.internal.compiler.ClassFile",208,59,272,22,830
"org.eclipse.jdt.internal.compiler.CompilationResult",208,9,272,57,830
"org.eclipse.jdt.internal.compiler.Compiler",208,28,272,12,830
"org.eclipse.jdt.internal.compiler.ConfigurableOption",0,1,1,0,0
"org.eclipse.jdt.internal.compiler.DefaultErrorHandlingPolicies",0,1,1,13,533
"org.eclipse.jdt.internal.compiler.DocumentElementParser",0,37,275,1,531
"org.eclipse.jdt.internal.compiler.ISourceElementRequestor.FieldInfo",0,0,0,8,534
"org.eclipse.jdt.internal.compiler.ISourceElementRequestor.MethodInfo",0,1,1,9,534
"org.eclipse.jdt.internal.compiler.ISourceElementRequestor.TypeInfo",0,1,1,8,534
"org.eclipse.jdt.internal.compiler.ISourceElementRequestor.TypeParameterInfo",0,0,0,5,536
"org.eclipse.jdt.internal.compiler.SourceElementParser",508,74,1.054,6,530
"org.eclipse.jdt.internal.compiler.SourceElementParser.LocalDeclarationVisitor",508,5,1.054,1,530
"org.eclipse.jdt.internal.compiler.SourceElementRequestorAdapter",0,5,7,2,16
"org.eclipse.jdt.internal.compiler.ast.AND_AND_Expression",208,13,272,7,830
"org.eclipse.jdt.internal.compiler.ast.ASTNode",208,27,272,209,830
"org.eclipse.jdt.internal.compiler.ast.AbstractMethodDeclaration",208,41,272,66,830
"org.eclipse.jdt.internal.compiler.ast.AbstractVariableDeclaration",208,11,272,63,830
"org.eclipse.jdt.internal.compiler.ast.AllocationExpression",208,29,272,28,830
"org.eclipse.jdt.internal.compiler.ast.Annotation",208,24,272,24,830
"org.eclipse.jdt.internal.compiler.ast.AnnotationMethodDeclaration",208,23,272,11,830
"org.eclipse.jdt.internal.compiler.ast.Argument",208,17,272,33,830
"org.eclipse.jdt.internal.compiler.ast.ArrayAllocationExpression",208,16,272,11,830
"org.eclipse.jdt.internal.compiler.ast.ArrayInitializer",208,17,272,17,830
"org.eclipse.jdt.internal.compiler.ast.ArrayQualifiedTypeReference",208,13,272,13,830
"org.eclipse.jdt.internal.compiler.ast.ArrayReference",208,19,272,11,830
"org.eclipse.jdt.internal.compiler.ast.ArrayTypeReference",208,10,272,17,830
"org.eclipse.jdt.internal.compiler.ast.AssertStatement",208,27,272,4,830
"org.eclipse.jdt.internal.compiler.ast.Assignment",208,25,272,24,830
"org.eclipse.jdt.internal.compiler.ast.BinaryExpression",208,21,272,14,830
"org.eclipse.jdt.internal.compiler.ast.Block",208,10,272,19,830
"org.eclipse.jdt.internal.compiler.ast.BranchStatement",208,7,272,5,830
"org.eclipse.jdt.internal.compiler.ast.BreakStatement",208,9,272,4,830
"org.eclipse.jdt.internal.compiler.ast.CaseStatement",208,18,272,9,830
"org.eclipse.jdt.internal.compiler.ast.CastExpression",208,27,272,24,830
"org.eclipse.jdt.internal.compiler.ast.CharLiteral",208,9,272,8,830
"org.eclipse.jdt.internal.compiler.ast.ClassLiteralAccess",208,20,272,9,830
"org.eclipse.jdt.internal.compiler.ast.Clinit",208,29,272,4,830
"org.eclipse.jdt.internal.compiler.ast.CompilationUnitDeclaration",208,21,272,59,830
"org.eclipse.jdt.internal.compiler.ast.CompoundAssignment",208,18,272,20,830
"org.eclipse.jdt.internal.compiler.ast.ConditionalExpression",208,22,272,9,830
"org.eclipse.jdt.internal.compiler.ast.ConstructorDeclaration",208,46,272,29,830
"org.eclipse.jdt.internal.compiler.ast.ContinueStatement",208,9,272,4,830
"org.eclipse.jdt.internal.compiler.ast.DoStatement",208,18,272,4,830
"org.eclipse.jdt.internal.compiler.ast.DoubleLiteral",208,11,272,5,830
"org.eclipse.jdt.internal.compiler.ast.EmptyStatement",208,12,272,9,830
"org.eclipse.jdt.internal.compiler.ast.EqualExpression",208,23,272,8,830
"org.eclipse.jdt.internal.compiler.ast.ExplicitConstructorCall",208,30,272,22,830
"org.eclipse.jdt.internal.compiler.ast.Expression",208,28,272,149,830
"org.eclipse.jdt.internal.compiler.ast.ExtendedStringLiteral",208,6,272,4,830
"org.eclipse.jdt.internal.compiler.ast.FalseLiteral",208,10,272,6,830
"org.eclipse.jdt.internal.compiler.ast.FieldDeclaration",208,30,272,53,830
"org.eclipse.jdt.internal.compiler.ast.FieldReference",208,36,272,28,830
"org.eclipse.jdt.internal.compiler.ast.FloatLiteral",208,11,272,5,830
"org.eclipse.jdt.internal.compiler.ast.ForStatement",208,22,272,4,830
"org.eclipse.jdt.internal.compiler.ast.ForeachStatement",208,33,272,5,830
"org.eclipse.jdt.internal.compiler.ast.IfStatement",208,16,272,4,830
"org.eclipse.jdt.internal.compiler.ast.ImplicitDocTypeReference",208,8,272,2,830
"org.eclipse.jdt.internal.compiler.ast.ImportReference",208,6,272,35,830
"org.eclipse.jdt.internal.compiler.ast.Initializer",208,19,272,23,830
"org.eclipse.jdt.internal.compiler.ast.InstanceOfExpression",208,13,272,10,830
"org.eclipse.jdt.internal.compiler.ast.IntLiteral",208,13,272,15,830
"org.eclipse.jdt.internal.compiler.ast.IntLiteralMinValue",208,3,272,2,830
"org.eclipse.jdt.internal.compiler.ast.Javadoc",208,45,272,8,830
"org.eclipse.jdt.internal.compiler.ast.JavadocAllocationExpression",208,14,272,6,830
"org.eclipse.jdt.internal.compiler.ast.JavadocArgumentExpression",208,14,272,4,830
"org.eclipse.jdt.internal.compiler.ast.JavadocArrayQualifiedTypeReference",208,9,272,2,830
"org.eclipse.jdt.internal.compiler.ast.JavadocArraySingleTypeReference",208,8,272,2,830
"org.eclipse.jdt.internal.compiler.ast.JavadocFieldReference",208,17,272,7,830
"org.eclipse.jdt.internal.compiler.ast.JavadocImportReference",0,3,273,0,0
"org.eclipse.jdt.internal.compiler.ast.JavadocMessageSend",208,17,272,7,830
"org.eclipse.jdt.internal.compiler.ast.JavadocQualifiedTypeReference",208,11,272,7,830
"org.eclipse.jdt.internal.compiler.ast.JavadocReturnStatement",208,11,272,3,830
"org.eclipse.jdt.internal.compiler.ast.JavadocSingleNameReference",208,10,272,3,830
"org.eclipse.jdt.internal.compiler.ast.JavadocSingleTypeReference",208,11,272,6,830
"org.eclipse.jdt.internal.compiler.ast.LabeledStatement",208,13,272,4,830
"org.eclipse.jdt.internal.compiler.ast.Literal",208,8,272,7,830
"org.eclipse.jdt.internal.compiler.ast.LocalDeclaration",208,24,272,35,830
"org.eclipse.jdt.internal.compiler.ast.LongLiteral",208,13,272,7,830
"org.eclipse.jdt.internal.compiler.ast.LongLiteralMinValue",208,3,272,2,830
"org.eclipse.jdt.internal.compiler.ast.MagicLiteral",208,1,272,3,830
"org.eclipse.jdt.internal.compiler.ast.MarkerAnnotation",208,7,272,5,830
"org.eclipse.jdt.internal.compiler.ast.MemberValuePair",208,15,272,13,830
"org.eclipse.jdt.internal.compiler.ast.MessageSend",208,32,272,27,830
"org.eclipse.jdt.internal.compiler.ast.MethodDeclaration",208,33,272,32,830
"org.eclipse.jdt.internal.compiler.ast.NameReference",208,7,272,33,830
"org.eclipse.jdt.internal.compiler.ast.NormalAnnotation",208,8,272,6,830
"org.eclipse.jdt.internal.compiler.ast.NullLiteral",208,9,272,9,830
"org.eclipse.jdt.internal.compiler.ast.NumberLiteral",208,1,272,6,830
"org.eclipse.jdt.internal.compiler.ast.OR_OR_Expression",208,13,272,7,830
"org.eclipse.jdt.internal.compiler.ast.OperatorExpression",208,7,272,10,830
"org.eclipse.jdt.internal.compiler.ast.ParameterizedQualifiedTypeReference",208,20,272,14,830
"org.eclipse.jdt.internal.compiler.ast.ParameterizedSingleTypeReference",208,19,272,13,830
"org.eclipse.jdt.internal.compiler.ast.PostfixExpression",208,9,272,6,830
"org.eclipse.jdt.internal.compiler.ast.PrefixExpression",208,7,272,7,830
"org.eclipse.jdt.internal.compiler.ast.QualifiedAllocationExpression",208,30,272,14,830
"org.eclipse.jdt.internal.compiler.ast.QualifiedNameReference",208,36,272,24,830
"org.eclipse.jdt.internal.compiler.ast.QualifiedSuperReference",208,10,272,10,830
"org.eclipse.jdt.internal.compiler.ast.QualifiedThisReference",208,16,272,11,830
"org.eclipse.jdt.internal.compiler.ast.QualifiedTypeReference",208,18,272,29,830
"org.eclipse.jdt.internal.compiler.ast.Reference",208,13,272,26,830
"org.eclipse.jdt.internal.compiler.ast.ReturnStatement",208,23,272,9,830
"org.eclipse.jdt.internal.compiler.ast.SingleMemberAnnotation",208,9,272,6,830
"org.eclipse.jdt.internal.compiler.ast.SingleNameReference",208,37,272,26,830
"org.eclipse.jdt.internal.compiler.ast.SingleTypeReference",208,12,272,32,830
"org.eclipse.jdt.internal.compiler.ast.Statement",208,15,272,46,830
"org.eclipse.jdt.internal.compiler.ast.StringLiteral",208,13,272,10,830
"org.eclipse.jdt.internal.compiler.ast.StringLiteralConcatenation",208,6,272,6,830
"org.eclipse.jdt.internal.compiler.ast.SubRoutineStatement",208,6,272,8,830
"org.eclipse.jdt.internal.compiler.ast.SuperReference",208,11,272,14,830
"org.eclipse.jdt.internal.compiler.ast.SwitchStatement",208,22,272,6,830
"org.eclipse.jdt.internal.compiler.ast.SynchronizedStatement",208,18,272,5,830
"org.eclipse.jdt.internal.compiler.ast.ThisReference",208,14,272,13,830
"org.eclipse.jdt.internal.compiler.ast.ThrowStatement",208,15,272,5,830
"org.eclipse.jdt.internal.compiler.ast.TrueLiteral",208,10,272,6,830
"org.eclipse.jdt.internal.compiler.ast.TryStatement",208,30,272,12,830
"org.eclipse.jdt.internal.compiler.ast.TypeDeclaration",208,62,272,78,830
"org.eclipse.jdt.internal.compiler.ast.TypeParameter",208,10,272,24,830
"org.eclipse.jdt.internal.compiler.ast.TypeReference",208,19,272,80,830
"org.eclipse.jdt.internal.compiler.ast.UnaryExpression",208,20,272,9,830
"org.eclipse.jdt.internal.compiler.ast.WhileStatement",208,21,272,4,830
"org.eclipse.jdt.internal.compiler.ast.Wildcard",208,13,272,22,830
"org.eclipse.jdt.internal.compiler.batch.ClasspathDirectory",0,6,282,1,3
"org.eclipse.jdt.internal.compiler.batch.ClasspathJar",0,3,281,1,3
"org.eclipse.jdt.internal.compiler.batch.CompilationUnit",0,3,7,4,536
"org.eclipse.jdt.internal.compiler.batch.FileFinder",1,2,289,1,1
"org.eclipse.jdt.internal.compiler.batch.FileSystem",0,8,284,1,2
"org.eclipse.jdt.internal.compiler.batch.Main",1,25,289,1,1
"org.eclipse.jdt.internal.compiler.batch.Main.Logger",0,0,0,1,2
"org.eclipse.jdt.internal.compiler.classfmt.ClassFileReader",0,22,279,14,536
"org.eclipse.jdt.internal.compiler.classfmt.ClassFileStruct",0,4,274,5,540
"org.eclipse.jdt.internal.compiler.classfmt.ClassFormatException",0,0,0,12,541
"org.eclipse.jdt.internal.compiler.classfmt.FieldInfo",0,23,276,2,537
"org.eclipse.jdt.internal.compiler.classfmt.InnerClassInfo",0,2,275,1,537
"org.eclipse.jdt.internal.compiler.classfmt.MethodInfo",0,9,276,2,537
"org.eclipse.jdt.internal.compiler.codegen.CaseLabel",208,2,272,4,830
"org.eclipse.jdt.internal.compiler.codegen.CharArrayCache",0,2,2,3,831
"org.eclipse.jdt.internal.compiler.codegen.CodeStream",208,43,272,76,830
"org.eclipse.jdt.internal.compiler.codegen.ConstantPool",208,20,272,6,830
"org.eclipse.jdt.internal.compiler.codegen.DoubleCache",0,1,1,1,831
"org.eclipse.jdt.internal.compiler.codegen.ExceptionLabel",208,3,272,4,830
"org.eclipse.jdt.internal.compiler.codegen.FieldNameAndTypeCache",0,4,273,0,0
"org.eclipse.jdt.internal.compiler.codegen.FloatCache",0,1,1,1,831
"org.eclipse.jdt.internal.compiler.codegen.IntegerCache",0,1,1,1,831
"org.eclipse.jdt.internal.compiler.codegen.Label",208,6,272,32,830
"org.eclipse.jdt.internal.compiler.codegen.LongCache",0,1,1,1,831
"org.eclipse.jdt.internal.compiler.codegen.MethodNameAndTypeCache",0,3,273,0,0
"org.eclipse.jdt.internal.compiler.codegen.ObjectCache",0,1,1,1,831
"org.eclipse.jdt.internal.compiler.env.AccessRestriction",0,3,5,35,837
"org.eclipse.jdt.internal.compiler.env.NameEnvironmentAnswer",0,4,32,16,833
"org.eclipse.jdt.internal.compiler.flow.ConditionalFlowInfo",208,4,272,1,830
"org.eclipse.jdt.internal.compiler.flow.ExceptionHandlingFlowContext",208,20,272,7,830
"org.eclipse.jdt.internal.compiler.flow.FinallyFlowContext",208,11,272,1,830
"org.eclipse.jdt.internal.compiler.flow.FlowContext",208,21,272,61,830
"org.eclipse.jdt.internal.compiler.flow.FlowInfo",208,4,272,72,830
"org.eclipse.jdt.internal.compiler.flow.InitializationFlowContext",208,11,272,6,830
"org.eclipse.jdt.internal.compiler.flow.InsideSubRoutineFlowContext",208,5,272,2,830
"org.eclipse.jdt.internal.compiler.flow.LabelFlowContext",208,7,272,1,830
"org.eclipse.jdt.internal.compiler.flow.LoopingFlowContext",208,15,272,4,830
"org.eclipse.jdt.internal.compiler.flow.SwitchFlowContext",208,5,272,8,830
"org.eclipse.jdt.internal.compiler.flow.UnconditionalFlowInfo",208,7,272,19,830
"org.eclipse.jdt.internal.compiler.impl.BooleanConstant",9,3,17,2,845
"org.eclipse.jdt.internal.compiler.impl.ByteConstant",9,2,17,2,845
"org.eclipse.jdt.internal.compiler.impl.CharConstant",9,2,17,2,845
"org.eclipse.jdt.internal.compiler.impl.CompilerOptions",208,7,272,81,830
"org.eclipse.jdt.internal.compiler.impl.Constant",9,13,17,64,845
"org.eclipse.jdt.internal.compiler.impl.DoubleConstant",9,2,17,4,845
"org.eclipse.jdt.internal.compiler.impl.FloatConstant",9,2,17,2,845
"org.eclipse.jdt.internal.compiler.impl.IntConstant",9,2,17,2,845
"org.eclipse.jdt.internal.compiler.impl.LongConstant",9,2,17,2,845
"org.eclipse.jdt.internal.compiler.impl.ShortConstant",9,2,17,2,845
"org.eclipse.jdt.internal.compiler.impl.StringConstant",9,2,17,3,845
"org.eclipse.jdt.internal.compiler.lookup.ArrayBinding",208,15,272,34,830
"org.eclipse.jdt.internal.compiler.lookup.BaseTypeBinding",208,5,272,15,830
"org.eclipse.jdt.internal.compiler.lookup.BinaryTypeBinding",208,32,272,12,830
"org.eclipse.jdt.internal.compiler.lookup.Binding",208,3,272,100,830
"org.eclipse.jdt.internal.compiler.lookup.BlockScope",208,35,272,163,830
"org.eclipse.jdt.internal.compiler.lookup.ClassScope",208,41,272,72,830
"org.eclipse.jdt.internal.compiler.lookup.CompilationUnitScope",208,36,272,41,830
"org.eclipse.jdt.internal.compiler.lookup.FieldBinding",208,19,272,69,830
"org.eclipse.jdt.internal.compiler.lookup.ImportBinding",208,3,272,8,830
"org.eclipse.jdt.internal.compiler.lookup.InnerEmulationDependency",208,1,272,1,830
"org.eclipse.jdt.internal.compiler.lookup.LocalTypeBinding",208,16,272,14,830
"org.eclipse.jdt.internal.compiler.lookup.LocalVariableBinding",208,14,272,43,830
"org.eclipse.jdt.internal.compiler.lookup.LookupEnvironment",208,37,272,74,830
"org.eclipse.jdt.internal.compiler.lookup.MemberTypeBinding",208,7,272,5,830
"org.eclipse.jdt.internal.compiler.lookup.MethodBinding",208,24,272,75,830
"org.eclipse.jdt.internal.compiler.lookup.MethodScope",208,39,272,55,830
"org.eclipse.jdt.internal.compiler.lookup.MethodVerifier",208,23,272,5,830
"org.eclipse.jdt.internal.compiler.lookup.MethodVerifier15",208,18,272,1,830
"org.eclipse.jdt.internal.compiler.lookup.NestedTypeBinding",208,13,272,10,830
"org.eclipse.jdt.internal.compiler.lookup.PackageBinding",208,12,272,40,830
"org.eclipse.jdt.internal.compiler.lookup.ParameterizedFieldBinding",208,4,272,6,830
"org.eclipse.jdt.internal.compiler.lookup.ParameterizedGenericMethodBinding",208,22,272,7,830
"org.eclipse.jdt.internal.compiler.lookup.ParameterizedMethodBinding",208,8,272,7,830
"org.eclipse.jdt.internal.compiler.lookup.ParameterizedTypeBinding",208,25,272,25,830
"org.eclipse.jdt.internal.compiler.lookup.ProblemBinding",208,3,272,7,830
"org.eclipse.jdt.internal.compiler.lookup.ProblemFieldBinding",208,4,272,16,830
"org.eclipse.jdt.internal.compiler.lookup.ProblemMethodBinding",208,5,272,9,830
"org.eclipse.jdt.internal.compiler.lookup.ProblemPackageBinding",208,1,272,1,830
"org.eclipse.jdt.internal.compiler.lookup.ProblemReferenceBinding",208,1,272,20,830
"org.eclipse.jdt.internal.compiler.lookup.RawTypeBinding",208,15,272,5,830
"org.eclipse.jdt.internal.compiler.lookup.ReferenceBinding",208,17,272,118,830
"org.eclipse.jdt.internal.compiler.lookup.Scope",208,54,272,120,830
"org.eclipse.jdt.internal.compiler.lookup.SignatureWrapper",0,2,2,2,831
"org.eclipse.jdt.internal.compiler.lookup.SourceTypeBinding",208,44,272,49,830
"org.eclipse.jdt.internal.compiler.lookup.SyntheticArgumentBinding",208,7,272,11,830
"org.eclipse.jdt.internal.compiler.lookup.SyntheticFieldBinding",208,4,272,1,830
"org.eclipse.jdt.internal.compiler.lookup.SyntheticMethodBinding",208,18,272,5,830
"org.eclipse.jdt.internal.compiler.lookup.TypeBinding",208,16,272,183,830
"org.eclipse.jdt.internal.compiler.lookup.TypeVariableBinding",208,16,272,31,830
"org.eclipse.jdt.internal.compiler.lookup.UnresolvedReferenceBinding",208,7,272,8,830
"org.eclipse.jdt.internal.compiler.lookup.UpdatedMethodBinding",208,3,272,1,830
"org.eclipse.jdt.internal.compiler.lookup.VariableBinding",208,5,272,67,830
"org.eclipse.jdt.internal.compiler.lookup.WildcardBinding",208,15,272,18,830
"org.eclipse.jdt.internal.compiler.parser.AbstractCommentParser",208,8,272,12,830
"org.eclipse.jdt.internal.compiler.parser.JavadocParser",208,34,272,4,830
"org.eclipse.jdt.internal.compiler.parser.NLSLine",208,1,272,2,830
"org.eclipse.jdt.internal.compiler.parser.Parser",208,121,272,42,830
"org.eclipse.jdt.internal.compiler.parser.RecoveredBlock",208,24,272,6,830
"org.eclipse.jdt.internal.compiler.parser.RecoveredElement",208,15,272,14,830
"org.eclipse.jdt.internal.compiler.parser.RecoveredField",208,11,272,5,830
"org.eclipse.jdt.internal.compiler.parser.RecoveredImport",208,3,272,1,830
"org.eclipse.jdt.internal.compiler.parser.RecoveredInitializer",208,21,272,6,830
"org.eclipse.jdt.internal.compiler.parser.RecoveredLocalVariable",208,8,272,3,830
"org.eclipse.jdt.internal.compiler.parser.RecoveredMethod",208,25,272,6,830
"org.eclipse.jdt.internal.compiler.parser.RecoveredStatement",208,3,272,3,830
"org.eclipse.jdt.internal.compiler.parser.RecoveredType",208,22,272,10,830
"org.eclipse.jdt.internal.compiler.parser.RecoveredUnit",208,14,272,3,830
"org.eclipse.jdt.internal.compiler.parser.Scanner",208,9,272,48,830
"org.eclipse.jdt.internal.compiler.parser.SourceTypeConverter",508,58,1.054,8,530
"org.eclipse.jdt.internal.compiler.parser.diagnose.DiagnoseParser",208,15,272,1,830
"org.eclipse.jdt.internal.compiler.parser.diagnose.DiagnoseParser.PrimaryRepairInfo",0,0,0,1,831
"org.eclipse.jdt.internal.compiler.parser.diagnose.DiagnoseParser.RepairCandidate",0,0,0,1,831
"org.eclipse.jdt.internal.compiler.parser.diagnose.DiagnoseParser.SecondaryRepairInfo",0,0,0,1,831
"org.eclipse.jdt.internal.compiler.parser.diagnose.DiagnoseParser.StateInfo",0,0,0,1,831
"org.eclipse.jdt.internal.compiler.parser.diagnose.LexStream",208,7,272,1,830
"org.eclipse.jdt.internal.compiler.parser.diagnose.LexStream.Token",0,0,0,1,831
"org.eclipse.jdt.internal.compiler.parser.diagnose.RangeUtil",208,9,272,3,830
"org.eclipse.jdt.internal.compiler.parser.diagnose.RangeUtil.RangeResult",208,2,272,1,830
"org.eclipse.jdt.internal.compiler.problem.AbortCompilation",208,5,272,30,830
"org.eclipse.jdt.internal.compiler.problem.AbortCompilationUnit",208,3,272,6,830
"org.eclipse.jdt.internal.compiler.problem.AbortMethod",208,3,272,7,830
"org.eclipse.jdt.internal.compiler.problem.AbortType",208,3,272,5,830
"org.eclipse.jdt.internal.compiler.problem.DefaultProblem",0,4,8,3,833
"org.eclipse.jdt.internal.compiler.problem.DefaultProblemFactory",0,7,11,17,536
"org.eclipse.jdt.internal.compiler.problem.ProblemHandler",208,9,272,7,830
"org.eclipse.jdt.internal.compiler.problem.ProblemReporter",208,92,272,127,830
"org.eclipse.jdt.internal.compiler.problem.ShouldNotImplement",0,0,0,2,846
"org.eclipse.jdt.internal.compiler.util.CompoundNameVector",0,2,2,1,831
"org.eclipse.jdt.internal.compiler.util.FloatUtil",0,1,1,2,831
"org.eclipse.jdt.internal.compiler.util.HashtableOfInt",0,1,1,1,537
"org.eclipse.jdt.internal.compiler.util.HashtableOfIntValues",0,2,2,2,531
"org.eclipse.jdt.internal.compiler.util.HashtableOfLong",0,1,1,1,531
"org.eclipse.jdt.internal.compiler.util.HashtableOfObject",0,2,2,17,831
"org.eclipse.jdt.internal.compiler.util.HashtableOfObjectToInt",0,1,1,1,531
"org.eclipse.jdt.internal.compiler.util.HashtableOfPackage",208,3,272,2,830
"org.eclipse.jdt.internal.compiler.util.HashtableOfType",208,3,272,2,830
"org.eclipse.jdt.internal.compiler.util.ObjectVector",0,1,1,7,831
"org.eclipse.jdt.internal.compiler.util.SimpleLookupTable",0,1,1,21,832
"org.eclipse.jdt.internal.compiler.util.SimpleNameVector",0,2,2,1,831
"org.eclipse.jdt.internal.compiler.util.Util",0,4,4,59,854
"org.eclipse.jdt.internal.compiler.util.WeakHashSet",1,2,2,2,532
"org.eclipse.jdt.internal.compiler.util.WeakHashSet.HashableWeakReference",1,1,2,1,532
"org.eclipse.jdt.internal.core.ASTHolderCUInfo",508,2,1.054,1,530
"org.eclipse.jdt.internal.core.Assert",0,1,1,13,531
"org.eclipse.jdt.internal.core.Assert.AssertionFailedException",0,0,0,4,532
"org.eclipse.jdt.internal.core.BasicCompilationUnit",508,5,1.054,10,530
"org.eclipse.jdt.internal.core.BatchOperation",508,4,1.054,1,530
"org.eclipse.jdt.internal.core.BecomeWorkingCopyOperation",508,9,1.054,1,530
"org.eclipse.jdt.internal.core.BinaryField",508,12,1.054,3,530
"org.eclipse.jdt.internal.core.BinaryMember",508,14,1.054,4,530
"org.eclipse.jdt.internal.core.BinaryMethod",508,21,1.054,3,530
"org.eclipse.jdt.internal.core.BinaryMethod.DecodeParametersNames",0,3,9,0,0
"org.eclipse.jdt.internal.core.BinaryType",508,53,1.054,14,530
"org.eclipse.jdt.internal.core.BinaryTypeConverter",508,29,1.054,1,530
"org.eclipse.jdt.internal.core.Buffer",508,9,1.054,1,530
"org.eclipse.jdt.internal.core.BufferCache",508,5,1.054,1,530
"org.eclipse.jdt.internal.core.BufferFactoryWrapper",508,4,1.054,3,530
"org.eclipse.jdt.internal.core.BufferManager",508,10,1.054,7,530
"org.eclipse.jdt.internal.core.CancelableNameEnvironment",508,8,1.054,2,530
"org.eclipse.jdt.internal.core.CancelableProblemFactory",0,3,275,2,531
"org.eclipse.jdt.internal.core.ClassFile",508,52,1.054,20,530
"org.eclipse.jdt.internal.core.ClassFileInfo",508,28,1.054,3,530
"org.eclipse.jdt.internal.core.ClassFileWorkingCopy",508,21,1.054,1,530
"org.eclipse.jdt.internal.core.ClasspathEntry",508,21,1.054,17,530
"org.eclipse.jdt.internal.core.CommitWorkingCopyOperation",508,15,1.054,1,530
"org.eclipse.jdt.internal.core.CompilationUnit",508,80,1.054,28,530
"org.eclipse.jdt.internal.core.CompilationUnitElementInfo",508,4,1.054,4,530
"org.eclipse.jdt.internal.core.CompilationUnitProblemFinder",508,34,1.054,2,530
"org.eclipse.jdt.internal.core.CompilationUnitStructureRequestor",508,43,1.054,2,530
"org.eclipse.jdt.internal.core.CompilationUnitVisitor",508,25,1.054,1,530
"org.eclipse.jdt.internal.core.CopyElementsOperation",508,30,1.054,3,530
"org.eclipse.jdt.internal.core.CopyPackageFragmentRootOperation",508,15,1.054,2,530
"org.eclipse.jdt.internal.core.CopyResourceElementsOperation",508,31,1.054,3,530
"org.eclipse.jdt.internal.core.CreateCompilationUnitOperation",508,15,1.054,2,530
"org.eclipse.jdt.internal.core.CreateElementInCUOperation",508,17,1.054,8,530
"org.eclipse.jdt.internal.core.CreateFieldOperation",508,14,1.054,2,530
"org.eclipse.jdt.internal.core.CreateImportOperation",508,16,1.054,2,530
"org.eclipse.jdt.internal.core.CreateInitializerOperation",508,15,1.054,2,530
"org.eclipse.jdt.internal.core.CreateMethodOperation",508,13,1.054,2,530
"org.eclipse.jdt.internal.core.CreatePackageDeclarationOperation",508,19,1.054,2,530
"org.eclipse.jdt.internal.core.CreatePackageFragmentOperation",508,14,1.054,1,530
"org.eclipse.jdt.internal.core.CreateTypeHierarchyOperation",508,15,1.054,3,530
"org.eclipse.jdt.internal.core.CreateTypeMemberOperation",508,17,1.054,4,530
"org.eclipse.jdt.internal.core.CreateTypeOperation",508,13,1.054,3,530
"org.eclipse.jdt.internal.core.DefaultWorkingCopyOwner",508,3,1.054,12,530
"org.eclipse.jdt.internal.core.DeleteElementsOperation",508,21,1.054,2,530
"org.eclipse.jdt.internal.core.DeletePackageFragmentRootOperation",508,12,1.054,1,530
"org.eclipse.jdt.internal.core.DeleteResourceElementsOperation",508,13,1.054,1,530
"org.eclipse.jdt.internal.core.DeltaProcessingState",508,16,1.054,7,530
"org.eclipse.jdt.internal.core.DeltaProcessingState.ProjectUpdateInfo",508,5,1.054,2,530
"org.eclipse.jdt.internal.core.DeltaProcessor",508,41,1.054,8,530
"org.eclipse.jdt.internal.core.DeltaProcessor.OutputsInfo",508,1,1.054,1,530
"org.eclipse.jdt.internal.core.DeltaProcessor.RootInfo",508,4,1.054,2,530
"org.eclipse.jdt.internal.core.DiscardWorkingCopyOperation",508,7,1.054,1,530
"org.eclipse.jdt.internal.core.ElementCache",508,9,1.054,1,530
"org.eclipse.jdt.internal.core.ImportContainer",508,16,1.054,3,530
"org.eclipse.jdt.internal.core.ImportDeclaration",508,11,1.054,4,530
"org.eclipse.jdt.internal.core.ImportDeclarationElementInfo",508,2,1.054,3,530
"org.eclipse.jdt.internal.core.Initializer",508,14,1.054,4,530
"org.eclipse.jdt.internal.core.InitializerElementInfo",508,1,1.054,3,530
"org.eclipse.jdt.internal.core.InternalNamingConventions",508,11,1.054,2,530
"org.eclipse.jdt.internal.core.JarEntryFile",508,4,1.054,1,530
"org.eclipse.jdt.internal.core.JarPackageFragment",508,18,1.054,4,530
"org.eclipse.jdt.internal.core.JarPackageFragmentInfo",508,1,1.054,2,530
"org.eclipse.jdt.internal.core.JarPackageFragmentRoot",508,20,1.054,10,530
"org.eclipse.jdt.internal.core.JarPackageFragmentRootInfo",508,2,1.054,1,530
"org.eclipse.jdt.internal.core.JavaElement",508,28,1.054,83,530
"org.eclipse.jdt.internal.core.JavaElementDelta",508,5,1.054,12,530
"org.eclipse.jdt.internal.core.JavaElementDeltaBuilder",508,17,1.054,3,530
"org.eclipse.jdt.internal.core.JavaElementDeltaBuilder.ListItem",508,1,1.054,1,530
"org.eclipse.jdt.internal.core.JavaElementInfo",508,3,1.054,24,530
"org.eclipse.jdt.internal.core.JavaElementRequestor",508,6,1.054,3,530
"org.eclipse.jdt.internal.core.JavaModel",508,28,1.054,19,530
"org.eclipse.jdt.internal.core.JavaModelCache",508,5,1.054,2,530
"org.eclipse.jdt.internal.core.JavaModelInfo",508,4,1.054,3,530
"org.eclipse.jdt.internal.core.JavaModelManager",508,50,1.054,48,530
"org.eclipse.jdt.internal.core.JavaModelManager.EclipsePreferencesListener",508,1,1.054,1,530
"org.eclipse.jdt.internal.core.JavaModelManager.PerProjectInfo",0,2,2,5,531
"org.eclipse.jdt.internal.core.JavaModelManager.PerWorkingCopyInfo",508,4,1.054,2,530
"org.eclipse.jdt.internal.core.JavaModelOperation",508,20,1.054,31,530
"org.eclipse.jdt.internal.core.JavaModelStatus",508,13,1.054,42,530
"org.eclipse.jdt.internal.core.JavaProject",508,50,1.054,49,530
"org.eclipse.jdt.internal.core.JavaProjectElementInfo",508,14,1.054,2,530
"org.eclipse.jdt.internal.core.LRUCacheEnumerator",0,1,1,1,531
"org.eclipse.jdt.internal.core.LRUCacheEnumerator.LRUEnumeratorElement",0,0,0,2,532
"org.eclipse.jdt.internal.core.LocalVariable",508,13,1.054,6,530
"org.eclipse.jdt.internal.core.Member",508,22,1.054,18,530
"org.eclipse.jdt.internal.core.MemberElementInfo",508,1,1.054,11,530
"org.eclipse.jdt.internal.core.ModelUpdater",508,13,1.054,1,530
"org.eclipse.jdt.internal.core.MoveElementsOperation",508,3,1.054,2,530
"org.eclipse.jdt.internal.core.MovePackageFragmentRootOperation",508,10,1.054,1,530
"org.eclipse.jdt.internal.core.MoveResourceElementsOperation",508,3,1.054,2,530
"org.eclipse.jdt.internal.core.MultiOperation",508,11,1.054,7,530
"org.eclipse.jdt.internal.core.NameLookup",508,32,1.054,16,530
"org.eclipse.jdt.internal.core.NamedMember",508,2,1.054,8,530
"org.eclipse.jdt.internal.core.Openable",508,25,1.054,33,530
"org.eclipse.jdt.internal.core.OpenableElementInfo",508,1,1.054,16,530
"org.eclipse.jdt.internal.core.OverflowingLRUCache",508,6,1.054,4,530
"org.eclipse.jdt.internal.core.PackageDeclaration",508,6,1.054,2,530
"org.eclipse.jdt.internal.core.PackageFragment",508,26,1.054,21,530
"org.eclipse.jdt.internal.core.PackageFragmentInfo",508,8,1.054,4,530
"org.eclipse.jdt.internal.core.PackageFragmentRoot",508,36,1.054,24,530
"org.eclipse.jdt.internal.core.PackageFragmentRootInfo",508,12,1.054,4,530
"org.eclipse.jdt.internal.core.ParameterizedBinaryField",508,2,1.054,1,530
"org.eclipse.jdt.internal.core.ParameterizedBinaryMethod",508,2,1.054,1,530
"org.eclipse.jdt.internal.core.ParameterizedBinaryType",508,2,1.054,1,530
"org.eclipse.jdt.internal.core.ParameterizedSourceField",508,2,1.054,1,530
"org.eclipse.jdt.internal.core.ParameterizedSourceMethod",508,2,1.054,1,530
"org.eclipse.jdt.internal.core.ParameterizedSourceType",508,2,1.054,2,530
"org.eclipse.jdt.internal.core.ReconcileWorkingCopyOperation",508,17,1.054,1,530
"org.eclipse.jdt.internal.core.Region",508,4,1.054,3,530
"org.eclipse.jdt.internal.core.RenameElementsOperation",508,12,1.054,1,530
"org.eclipse.jdt.internal.core.RenameResourceElementsOperation",508,8,1.054,2,530
"org.eclipse.jdt.internal.core.SearchableEnvironment",508,33,1.054,16,530
"org.eclipse.jdt.internal.core.SearchableEnvironmentRequestor",508,17,1.054,1,530
"org.eclipse.jdt.internal.core.SelectionRequestor",508,45,1.054,3,530
"org.eclipse.jdt.internal.core.SetClasspathOperation",508,27,1.054,3,530
"org.eclipse.jdt.internal.core.SimpleDelta",508,1,1.054,3,530
"org.eclipse.jdt.internal.core.SingleTypeRequestor",508,6,1.054,1,530
"org.eclipse.jdt.internal.core.SortElementBuilder",14,19,1.070,13,14
"org.eclipse.jdt.internal.core.SortElementBuilder.SortAbstractMethodDeclaration",14,4,1.070,2,14
"org.eclipse.jdt.internal.core.SortElementBuilder.SortClassDeclaration",14,12,1.070,1,14
"org.eclipse.jdt.internal.core.SortElementBuilder.SortCompilationUnit",14,5,1.070,1,14
"org.eclipse.jdt.internal.core.SortElementBuilder.SortConstructorDeclaration",14,11,1.070,1,14
"org.eclipse.jdt.internal.core.SortElementBuilder.SortElement",14,14,1.070,12,14
"org.eclipse.jdt.internal.core.SortElementBuilder.SortFieldDeclaration",14,10,1.070,3,14
"org.eclipse.jdt.internal.core.SortElementBuilder.SortInitializer",14,8,1.070,1,14
"org.eclipse.jdt.internal.core.SortElementBuilder.SortInterfaceDeclaration",14,12,1.070,1,14
"org.eclipse.jdt.internal.core.SortElementBuilder.SortMethodDeclaration",14,11,1.070,1,14
"org.eclipse.jdt.internal.core.SortElementBuilder.SortMultipleFieldDeclaration",14,11,1.070,1,14
"org.eclipse.jdt.internal.core.SortElementBuilder.SortType",14,5,1.070,3,14
"org.eclipse.jdt.internal.core.SortElementsOperation",14,20,1.070,1,14
"org.eclipse.jdt.internal.core.SortJavaElement",14,6,1.070,12,14
"org.eclipse.jdt.internal.core.SourceAnnotationMethodInfo",508,2,1.054,2,530
"org.eclipse.jdt.internal.core.SourceConstructorInfo",508,1,1.054,1,530
"org.eclipse.jdt.internal.core.SourceField",508,12,1.054,5,530
"org.eclipse.jdt.internal.core.SourceFieldElementInfo",508,3,1.054,4,530
"org.eclipse.jdt.internal.core.SourceMapper",508,36,1.054,10,530
"org.eclipse.jdt.internal.core.SourceMethod",508,23,1.054,5,530
"org.eclipse.jdt.internal.core.SourceMethodElementInfo",508,11,1.054,6,530
"org.eclipse.jdt.internal.core.SourceMethodInfo",508,1,1.054,2,530
"org.eclipse.jdt.internal.core.SourceRange",0,1,1,8,531
"org.eclipse.jdt.internal.core.SourceRefElement",508,17,1.054,22,530
"org.eclipse.jdt.internal.core.SourceRefElementInfo",508,3,1.054,5,530
"org.eclipse.jdt.internal.core.SourceType",508,57,1.054,12,530
"org.eclipse.jdt.internal.core.SourceTypeElementInfo",508,27,1.054,11,530
"org.eclipse.jdt.internal.core.TypeParameter",508,10,1.054,9,530
"org.eclipse.jdt.internal.core.TypeParameterElementInfo",508,1,1.054,7,530
"org.eclipse.jdt.internal.core.TypeVector",508,2,1.054,2,530
"org.eclipse.jdt.internal.core.UserLibrary",508,6,1.054,3,530
"org.eclipse.jdt.internal.core.UserLibraryClasspathContainer",508,5,1.054,2,530
"org.eclipse.jdt.internal.core.UserLibraryClasspathContainerInitializer",0,7,1.055,0,0
"org.eclipse.jdt.internal.core.UserLibraryManager",508,11,1.054,3,530
"org.eclipse.jdt.internal.core.XMLWriter",0,0,0,3,531
"org.eclipse.jdt.internal.core.builder.AbortIncrementalBuildException",0,0,0,2,531
"org.eclipse.jdt.internal.core.builder.AbstractImageBuilder",508,32,1.054,3,530
"org.eclipse.jdt.internal.core.builder.AdditionalTypeCollection",508,1,1.054,1,530
"org.eclipse.jdt.internal.core.builder.BatchImageBuilder",508,13,1.054,1,530
"org.eclipse.jdt.internal.core.builder.BuildNotifier",508,5,1.054,4,530
"org.eclipse.jdt.internal.core.builder.ClasspathDirectory",508,7,1.054,7,530
"org.eclipse.jdt.internal.core.builder.ClasspathJar",508,8,1.054,4,530
"org.eclipse.jdt.internal.core.builder.ClasspathJar.PackageCacheEntry",0,1,2,1,531
"org.eclipse.jdt.internal.core.builder.ClasspathLocation",508,5,1.054,8,530
"org.eclipse.jdt.internal.core.builder.ClasspathMultiDirectory",508,4,1.054,8,530
"org.eclipse.jdt.internal.core.builder.ImageBuilderInternalException",0,1,1,2,531
"org.eclipse.jdt.internal.core.builder.IncrementalImageBuilder",508,26,1.054,1,530
"org.eclipse.jdt.internal.core.builder.JavaBuilder",508,22,1.054,7,530
"org.eclipse.jdt.internal.core.builder.MissingClassFileException",0,0,0,2,531
"org.eclipse.jdt.internal.core.builder.MissingSourceFileException",0,0,0,2,531
"org.eclipse.jdt.internal.core.builder.NameEnvironment",508,21,1.054,6,530
"org.eclipse.jdt.internal.core.builder.NameSet",0,2,2,1,531
"org.eclipse.jdt.internal.core.builder.ProblemFactory",0,2,13,3,531
"org.eclipse.jdt.internal.core.builder.QualifiedNameSet",0,2,2,1,531
"org.eclipse.jdt.internal.core.builder.ReferenceCollection",508,7,1.054,3,530
"org.eclipse.jdt.internal.core.builder.SourceFile",508,6,1.054,6,530
"org.eclipse.jdt.internal.core.builder.State",508,14,1.054,3,530
"org.eclipse.jdt.internal.core.builder.StringSet",0,1,1,3,531
"org.eclipse.jdt.internal.core.builder.WorkQueue",508,2,1.054,3,530
"org.eclipse.jdt.internal.core.dom.rewrite.ASTRewriteAnalyzer",508,110,1.054,4,530
"org.eclipse.jdt.internal.core.dom.rewrite.ASTRewriteAnalyzer.ListRewriter",508,6,1.054,3,530
"org.eclipse.jdt.internal.core.dom.rewrite.ASTRewriteAnalyzer.ParagraphListRewriter",508,5,1.054,2,530
"org.eclipse.jdt.internal.core.dom.rewrite.ASTRewriteAnalyzer.SwitchListRewriter",508,4,1.054,1,530
"org.eclipse.jdt.internal.core.dom.rewrite.ASTRewriteFlattener",508,91,1.054,5,530
"org.eclipse.jdt.internal.core.dom.rewrite.ASTRewriteFormatter",508,21,1.054,5,530
"org.eclipse.jdt.internal.core.dom.rewrite.ASTRewriteFormatter.BlockFormattingPrefix",508,6,1.054,1,530
"org.eclipse.jdt.internal.core.dom.rewrite.ASTRewriteFormatter.BlockFormattingPrefixSuffix",508,6,1.054,1,530
"org.eclipse.jdt.internal.core.dom.rewrite.ASTRewriteFormatter.ConstPrefix",0,1,1,1,531
"org.eclipse.jdt.internal.core.dom.rewrite.ASTRewriteFormatter.ExtendedFlattener",508,7,1.054,1,530
"org.eclipse.jdt.internal.core.dom.rewrite.ASTRewriteFormatter.FormattingPrefix",508,2,1.054,1,530
"org.eclipse.jdt.internal.core.dom.rewrite.ASTRewriteFormatter.NodeMarker",0,0,0,3,531
"org.eclipse.jdt.internal.core.dom.rewrite.Indents",0,0,0,3,532
"org.eclipse.jdt.internal.core.dom.rewrite.ListRewriteEvent",508,4,1.054,3,530
"org.eclipse.jdt.internal.core.dom.rewrite.NodeInfoStore",508,13,1.054,6,530
"org.eclipse.jdt.internal.core.dom.rewrite.NodeInfoStore.CopyPlaceholderData",508,2,1.054,2,530
"org.eclipse.jdt.internal.core.dom.rewrite.NodeInfoStore.PlaceholderData",0,0,0,3,532
"org.eclipse.jdt.internal.core.dom.rewrite.NodeInfoStore.StringPlaceholderData",0,1,1,2,531
"org.eclipse.jdt.internal.core.dom.rewrite.NodeRewriteEvent",0,1,1,4,531
"org.eclipse.jdt.internal.core.dom.rewrite.RewriteEvent",0,0,0,9,532
"org.eclipse.jdt.internal.core.dom.rewrite.RewriteEventStore",508,13,1.054,12,530
"org.eclipse.jdt.internal.core.dom.rewrite.RewriteEventStore.CopySourceInfo",508,2,1.054,9,530
"org.eclipse.jdt.internal.core.dom.rewrite.RewriteEventStore.CopySourceInfoSorter",508,2,1.054,1,530
"org.eclipse.jdt.internal.core.dom.rewrite.RewriteEventStore.EventHolder",508,3,1.054,2,530
"org.eclipse.jdt.internal.core.dom.rewrite.RewriteEventStore.ParentIterator",508,3,1.054,1,530
"org.eclipse.jdt.internal.core.dom.rewrite.RewriteEventStore.PropertyLocation",508,2,1.054,2,530
"org.eclipse.jdt.internal.core.dom.rewrite.SourceModifier",0,1,1,1,531
"org.eclipse.jdt.internal.core.dom.rewrite.TokenScanner",508,6,1.054,1,530
"org.eclipse.jdt.internal.core.dom.rewrite.TrackedNodePosition",0,2,1.056,1,2
"org.eclipse.jdt.internal.core.eval.EvaluationContextWrapper",508,40,1.054,1,530
"org.eclipse.jdt.internal.core.eval.GlobalVariableWrapper",0,2,2,1,531
"org.eclipse.jdt.internal.core.eval.RequestorWrapper",508,6,1.054,1,530
"org.eclipse.jdt.internal.core.hierarchy.ChangeCollector",508,13,1.054,1,530
"org.eclipse.jdt.internal.core.hierarchy.HierarchyBinaryType",0,10,275,1,531
"org.eclipse.jdt.internal.core.hierarchy.HierarchyBuilder",508,30,1.054,5,530
"org.eclipse.jdt.internal.core.hierarchy.HierarchyResolver",508,56,1.054,4,530
"org.eclipse.jdt.internal.core.hierarchy.HierarchyResolver.MissingType",0,1,2,2,531
"org.eclipse.jdt.internal.core.hierarchy.HierarchyType",508,4,1.054,2,530
"org.eclipse.jdt.internal.core.hierarchy.IndexBasedHierarchyBuilder",508,44,1.054,1,530
"org.eclipse.jdt.internal.core.hierarchy.IndexBasedHierarchyBuilder.Queue",0,1,1,1,531
"org.eclipse.jdt.internal.core.hierarchy.RegionBasedHierarchyBuilder",508,19,1.054,1,530
"org.eclipse.jdt.internal.core.hierarchy.RegionBasedTypeHierarchy",508,17,1.054,2,530
"org.eclipse.jdt.internal.core.hierarchy.TypeHierarchy",508,33,1.054,12,530
"org.eclipse.jdt.internal.core.index.DiskIndex",508,12,1.054,2,530
"org.eclipse.jdt.internal.core.index.DiskIndex.IntList",0,1,1,1,531
"org.eclipse.jdt.internal.core.index.EntryResult",508,5,1.054,10,530
"org.eclipse.jdt.internal.core.index.Index",508,12,1.054,24,530
"org.eclipse.jdt.internal.core.index.MemoryIndex",508,9,1.054,2,530
"org.eclipse.jdt.internal.core.jdom.AbstractDOMBuilder",508,10,1.054,2,530
"org.eclipse.jdt.internal.core.jdom.CompilationUnit",0,1,2,2,531
"org.eclipse.jdt.internal.core.jdom.DOMBuilder",508,26,1.054,2,530
"org.eclipse.jdt.internal.core.jdom.DOMCompilationUnit",508,13,1.054,5,530
"org.eclipse.jdt.internal.core.jdom.DOMField",508,17,1.054,2,530
"org.eclipse.jdt.internal.core.jdom.DOMImport",508,9,1.054,2,530
"org.eclipse.jdt.internal.core.jdom.DOMInitializer",508,10,1.054,2,530
"org.eclipse.jdt.internal.core.jdom.DOMMember",508,7,1.054,5,530
"org.eclipse.jdt.internal.core.jdom.DOMMethod",508,13,1.054,2,530
"org.eclipse.jdt.internal.core.jdom.DOMNode",508,13,1.054,14,530
"org.eclipse.jdt.internal.core.jdom.DOMPackage",508,8,1.054,2,530
"org.eclipse.jdt.internal.core.jdom.DOMType",508,18,1.054,5,530
"org.eclipse.jdt.internal.core.jdom.SiblingEnumeration",508,1,1.054,2,530
"org.eclipse.jdt.internal.core.jdom.SimpleDOMBuilder",508,22,1.054,1,530
"org.eclipse.jdt.internal.core.search.AbstractSearchScope",508,2,1.054,4,530
"org.eclipse.jdt.internal.core.search.HierarchyScope",508,22,1.054,2,530
"org.eclipse.jdt.internal.core.search.IndexQueryRequestor",508,3,1.054,11,530
"org.eclipse.jdt.internal.core.search.IndexSelector",508,13,1.054,2,530
"org.eclipse.jdt.internal.core.search.JavaSearchDocument",508,6,1.054,4,530
"org.eclipse.jdt.internal.core.search.JavaSearchParticipant",508,12,1.054,3,530
"org.eclipse.jdt.internal.core.search.JavaSearchScope",508,21,1.054,4,530
"org.eclipse.jdt.internal.core.search.JavaWorkspaceScope",508,10,1.054,2,530
"org.eclipse.jdt.internal.core.search.PathCollector",508,4,1.054,2,530
"org.eclipse.jdt.internal.core.search.PatternSearchJob",508,14,1.054,4,530
"org.eclipse.jdt.internal.core.search.SearchBasicEngine",508,58,1.054,5,530
"org.eclipse.jdt.internal.core.search.SubTypeSearchJob",508,9,1.054,1,530
"org.eclipse.jdt.internal.core.search.TypeNameRequestorWrapper",0,3,8,1,531
"org.eclipse.jdt.internal.core.search.indexing.AbstractIndexer",508,11,1.054,3,530
"org.eclipse.jdt.internal.core.search.indexing.AddFolderToIndex",508,6,1.054,1,530
"org.eclipse.jdt.internal.core.search.indexing.AddJarFileToIndex",508,14,1.054,1,530
"org.eclipse.jdt.internal.core.search.indexing.BinaryIndexer",508,14,1.054,1,530
"org.eclipse.jdt.internal.core.search.indexing.IndexAllProject",508,13,1.054,1,530
"org.eclipse.jdt.internal.core.search.indexing.IndexBinaryFolder",508,10,1.054,1,530
"org.eclipse.jdt.internal.core.search.indexing.IndexManager",508,30,1.054,19,530
"org.eclipse.jdt.internal.core.search.indexing.IndexRequest",508,2,1.054,8,530
"org.eclipse.jdt.internal.core.search.indexing.InternalSearchDocument",508,1,1.054,4,530
"org.eclipse.jdt.internal.core.search.indexing.ReadWriteMonitor",0,0,0,10,531
"org.eclipse.jdt.internal.core.search.indexing.RemoveFolderFromIndex",508,7,1.054,1,530
"org.eclipse.jdt.internal.core.search.indexing.RemoveFromIndex",508,4,1.054,1,530
"org.eclipse.jdt.internal.core.search.indexing.SaveIndex",508,6,1.054,2,530
"org.eclipse.jdt.internal.core.search.indexing.SourceIndexer",508,13,1.054,2,530
"org.eclipse.jdt.internal.core.search.indexing.SourceIndexerRequestor",508,13,1.054,1,530
"org.eclipse.jdt.internal.core.search.matching.AndPattern",508,10,1.054,2,530
"org.eclipse.jdt.internal.core.search.matching.ClassFileMatchLocator",508,34,1.054,1,530
"org.eclipse.jdt.internal.core.search.matching.ClasspathSourceDirectory",508,6,1.054,1,530
"org.eclipse.jdt.internal.core.search.matching.ConstructorLocator",508,26,1.054,1,530
"org.eclipse.jdt.internal.core.search.matching.ConstructorPattern",508,8,1.054,5,530
"org.eclipse.jdt.internal.core.search.matching.DeclarationOfAccessedFieldsPattern",508,5,1.054,3,530
"org.eclipse.jdt.internal.core.search.matching.DeclarationOfReferencedMethodsPattern",508,5,1.054,3,530
"org.eclipse.jdt.internal.core.search.matching.DeclarationOfReferencedTypesPattern",508,5,1.054,3,530
"org.eclipse.jdt.internal.core.search.matching.FieldLocator",508,42,1.054,1,530
"org.eclipse.jdt.internal.core.search.matching.FieldPattern",508,6,1.054,6,530
"org.eclipse.jdt.internal.core.search.matching.ImportMatchLocatorParser",508,5,1.054,1,530
"org.eclipse.jdt.internal.core.search.matching.InternalSearchPattern",508,10,1.054,27,530
"org.eclipse.jdt.internal.core.search.matching.JavaSearchNameEnvironment",508,20,1.054,1,530
"org.eclipse.jdt.internal.core.search.matching.JavaSearchPattern",508,5,1.054,23,530
"org.eclipse.jdt.internal.core.search.matching.LocalVariableLocator",508,19,1.054,1,530
"org.eclipse.jdt.internal.core.search.matching.LocalVariablePattern",508,15,1.054,3,530
"org.eclipse.jdt.internal.core.search.matching.MatchLocator",508,127,1.054,20,530
"org.eclipse.jdt.internal.core.search.matching.MatchLocator.LocalDeclarationVisitor",508,14,1.054,1,530
"org.eclipse.jdt.internal.core.search.matching.MatchLocator.WorkingCopyDocument",508,6,1.054,1,530
"org.eclipse.jdt.internal.core.search.matching.MatchLocator.WrappedCoreException",0,0,0,2,531
"org.eclipse.jdt.internal.core.search.matching.MatchLocatorParser",508,34,1.054,5,530
"org.eclipse.jdt.internal.core.search.matching.MatchLocatorParser.ClassAndMethodDeclarationVisitor",508,5,1.054,1,530
"org.eclipse.jdt.internal.core.search.matching.MatchLocatorParser.ClassButNoMethodDeclarationVisitor",508,11,1.054,2,530
"org.eclipse.jdt.internal.core.search.matching.MatchLocatorParser.MethodButNoClassDeclarationVisitor",508,5,1.054,1,530
"org.eclipse.jdt.internal.core.search.matching.MatchLocatorParser.NoClassNoMethodDeclarationVisitor",0,8,273,2,531
"org.eclipse.jdt.internal.core.search.matching.MatchingNodeSet",508,9,1.054,15,530
"org.eclipse.jdt.internal.core.search.matching.MethodLocator",508,38,1.054,1,530
"org.eclipse.jdt.internal.core.search.matching.MethodPattern",508,9,1.054,6,530
"org.eclipse.jdt.internal.core.search.matching.OrLocator",508,21,1.054,1,530
"org.eclipse.jdt.internal.core.search.matching.OrPattern",508,8,1.054,5,530
"org.eclipse.jdt.internal.core.search.matching.PackageDeclarationLocator",508,3,1.054,1,530
"org.eclipse.jdt.internal.core.search.matching.PackageDeclarationPattern",508,4,1.054,4,530
"org.eclipse.jdt.internal.core.search.matching.PackageReferenceLocator",508,38,1.054,2,530
"org.eclipse.jdt.internal.core.search.matching.PackageReferencePattern",508,7,1.054,3,530
"org.eclipse.jdt.internal.core.search.matching.PatternLocator",508,53,1.054,19,530
"org.eclipse.jdt.internal.core.search.matching.PossibleMatch",508,17,1.054,2,530
"org.eclipse.jdt.internal.core.search.matching.PossibleMatchSet",508,8,1.054,1,530
"org.eclipse.jdt.internal.core.search.matching.QualifiedTypeDeclarationPattern",508,7,1.054,3,530
"org.eclipse.jdt.internal.core.search.matching.SuperTypeNamesCollector",508,46,1.054,3,530
"org.eclipse.jdt.internal.core.search.matching.SuperTypeNamesCollector.TypeDeclarationVisitor",508,12,1.054,1,530
"org.eclipse.jdt.internal.core.search.matching.SuperTypeReferenceLocator",508,15,1.054,1,530
"org.eclipse.jdt.internal.core.search.matching.SuperTypeReferencePattern",508,8,1.054,6,530
"org.eclipse.jdt.internal.core.search.matching.TypeDeclarationLocator",508,14,1.054,1,530
"org.eclipse.jdt.internal.core.search.matching.TypeDeclarationPattern",508,8,1.054,8,530
"org.eclipse.jdt.internal.core.search.matching.TypeReferenceLocator",508,48,1.054,1,530
"org.eclipse.jdt.internal.core.search.matching.TypeReferencePattern",508,7,1.054,4,530
"org.eclipse.jdt.internal.core.search.matching.VariableLocator",508,13,1.054,2,530
"org.eclipse.jdt.internal.core.search.matching.VariablePattern",508,2,1.054,6,530
"org.eclipse.jdt.internal.core.search.processing.JobManager",508,4,1.054,17,530
"org.eclipse.jdt.internal.core.util.ASTNodeFinder",508,22,1.054,3,530
"org.eclipse.jdt.internal.core.util.Annotation",2,8,11,4,542
"org.eclipse.jdt.internal.core.util.AnnotationComponent",2,8,11,1,542
"org.eclipse.jdt.internal.core.util.AnnotationComponentValue",2,8,11,2,542
"org.eclipse.jdt.internal.core.util.AnnotationDefaultAttribute",0,6,15,1,533
"org.eclipse.jdt.internal.core.util.AnonymousFileSource",0,1,1,0,0
"org.eclipse.jdt.internal.core.util.CharArrayBuffer",0,1,1,10,531
"org.eclipse.jdt.internal.core.util.ClassFileAttribute",0,6,7,18,549
"org.eclipse.jdt.internal.core.util.ClassFileReader",0,24,66,2,531
"org.eclipse.jdt.internal.core.util.ClassFileStruct",0,1,1,27,559
"org.eclipse.jdt.internal.core.util.CodeAttribute",0,18,24,1,533
"org.eclipse.jdt.internal.core.util.CodeSnippetParsingUtil",0,19,280,4,531
"org.eclipse.jdt.internal.core.util.CommentRecorderParser",0,11,274,4,532
"org.eclipse.jdt.internal.core.util.CommentRecorderScanner",0,2,273,1,533
"org.eclipse.jdt.internal.core.util.ConstantPool",0,6,6,1,532
"org.eclipse.jdt.internal.core.util.ConstantPoolEntry",0,1,1,1,533
"org.eclipse.jdt.internal.core.util.ConstantValueAttribute",0,6,9,1,533
"org.eclipse.jdt.internal.core.util.DefaultBytecodeVisitor",508,7,1.054,1,530
"org.eclipse.jdt.internal.core.util.Disassembler",508,41,1.054,1,530
"org.eclipse.jdt.internal.core.util.EnclosingMethodAttribute",0,7,9,1,532
"org.eclipse.jdt.internal.core.util.ExceptionAttribute",0,8,10,1,533
"org.eclipse.jdt.internal.core.util.ExceptionTableEntry",0,6,7,1,534
"org.eclipse.jdt.internal.core.util.FieldInfo",0,15,25,1,532
"org.eclipse.jdt.internal.core.util.HandleFactory",508,32,1.054,5,530
"org.eclipse.jdt.internal.core.util.HashtableOfArrayToObject",508,2,1.054,4,530
"org.eclipse.jdt.internal.core.util.InnerClassesAttribute",0,7,11,1,532
"org.eclipse.jdt.internal.core.util.InnerClassesAttributeEntry",0,6,7,1,533
"org.eclipse.jdt.internal.core.util.LRUCache",508,5,1.054,5,530
"org.eclipse.jdt.internal.core.util.LRUCache.LRUCacheEntry",0,0,0,4,531
"org.eclipse.jdt.internal.core.util.LineNumberAttribute",0,5,9,1,534
"org.eclipse.jdt.internal.core.util.LocalVariableAttribute",0,7,11,1,534
"org.eclipse.jdt.internal.core.util.LocalVariableTableEntry",0,6,7,1,535
"org.eclipse.jdt.internal.core.util.LocalVariableTypeAttribute",0,7,11,1,534
"org.eclipse.jdt.internal.core.util.LocalVariableTypeTableEntry",0,6,7,1,535
"org.eclipse.jdt.internal.core.util.MementoTokenizer",508,3,1.054,14,530
"org.eclipse.jdt.internal.core.util.MethodInfo",0,22,56,1,532
"org.eclipse.jdt.internal.core.util.ParameterAnnotation",0,6,13,2,535
"org.eclipse.jdt.internal.core.util.PublicScanner",0,11,275,1,531
"org.eclipse.jdt.internal.core.util.RecordedParsingInformation",0,3,273,3,532
"org.eclipse.jdt.internal.core.util.ReferenceInfoAdapter",0,0,0,3,531
"org.eclipse.jdt.internal.core.util.RuntimeInvisibleAnnotationsAttribute",0,7,15,3,534
"org.eclipse.jdt.internal.core.util.RuntimeInvisibleParameterAnnotationsAttribute",0,7,17,1,533
"org.eclipse.jdt.internal.core.util.RuntimeVisibleAnnotationsAttribute",0,7,15,3,534
"org.eclipse.jdt.internal.core.util.RuntimeVisibleParameterAnnotationsAttribute",0,7,17,1,533
"org.eclipse.jdt.internal.core.util.SignatureAttribute",0,7,9,3,534
"org.eclipse.jdt.internal.core.util.SimpleDocument",0,0,0,1,531
"org.eclipse.jdt.internal.core.util.SimpleSet",0,1,1,16,532
"org.eclipse.jdt.internal.core.util.SimpleWordSet",0,2,2,2,531
"org.eclipse.jdt.internal.core.util.SourceFileAttribute",0,7,9,1,532
"org.eclipse.jdt.internal.core.util.ToStringSorter",0,1,1,1,531
"org.eclipse.jdt.internal.core.util.Util",508,29,1.054,105,530
"org.eclipse.jdt.internal.eval.CodeSnippetAllocationExpression",508,25,1.054,1,530
"org.eclipse.jdt.internal.eval.CodeSnippetClassFile",0,22,274,1,532
"org.eclipse.jdt.internal.eval.CodeSnippetCodeStream",0,17,273,7,534
"org.eclipse.jdt.internal.eval.CodeSnippetCompiler",508,8,1.054,1,530
"org.eclipse.jdt.internal.eval.CodeSnippetEnvironment",508,11,1.054,1,530
"org.eclipse.jdt.internal.eval.CodeSnippetEvaluator",508,22,1.054,1,530
"org.eclipse.jdt.internal.eval.CodeSnippetFieldReference",508,31,1.054,1,530
"org.eclipse.jdt.internal.eval.CodeSnippetMessageSend",508,31,1.054,1,530
"org.eclipse.jdt.internal.eval.CodeSnippetParser",508,44,1.054,1,530
"org.eclipse.jdt.internal.eval.CodeSnippetQualifiedNameReference",508,39,1.054,1,530
"org.eclipse.jdt.internal.eval.CodeSnippetReturnStatement",0,20,275,1,531
"org.eclipse.jdt.internal.eval.CodeSnippetScope",0,23,273,5,531
"org.eclipse.jdt.internal.eval.CodeSnippetSingleNameReference",508,43,1.054,1,530
"org.eclipse.jdt.internal.eval.CodeSnippetSkeleton",508,10,1.054,1,530
"org.eclipse.jdt.internal.eval.CodeSnippetSkeleton.BinaryMethodSkeleton",0,2,273,1,531
"org.eclipse.jdt.internal.eval.CodeSnippetSuperReference",508,9,1.054,1,530
"org.eclipse.jdt.internal.eval.CodeSnippetThisReference",508,16,1.054,2,530
"org.eclipse.jdt.internal.eval.CodeSnippetToCuMapper",508,11,1.054,2,530
"org.eclipse.jdt.internal.eval.CodeSnippetTypeDeclaration",0,11,275,1,531
"org.eclipse.jdt.internal.eval.EvaluationContext",508,29,1.054,15,530
"org.eclipse.jdt.internal.eval.EvaluationResult",0,2,3,5,531
"org.eclipse.jdt.internal.eval.Evaluator",508,16,1.054,3,530
"org.eclipse.jdt.internal.eval.GlobalVariable",0,0,0,5,533
"org.eclipse.jdt.internal.eval.InstallException",0,0,0,2,531
"org.eclipse.jdt.internal.eval.VariablesEvaluator",508,20,1.054,1,530
"org.eclipse.jdt.internal.eval.VariablesInfo",0,3,274,4,531
"org.eclipse.jdt.internal.formatter.AbortFormatting",0,0,0,2,531
"org.eclipse.jdt.internal.formatter.BinaryExpressionFragmentBuilder",0,45,273,1,531
"org.eclipse.jdt.internal.formatter.CascadingMethodInvocationFragmentBuilder",0,5,273,1,531
"org.eclipse.jdt.internal.formatter.CodeFormatterVisitor",508,110,1.054,2,530
"org.eclipse.jdt.internal.formatter.CodeFormatterVisitor.MultiFieldDeclaration",0,2,273,1,531
"org.eclipse.jdt.internal.formatter.DefaultCodeFormatter",508,13,1.054,2,530
"org.eclipse.jdt.internal.formatter.DefaultCodeFormatterOptions",508,3,1.054,4,530
"org.eclipse.jdt.internal.formatter.Location",508,2,1.054,2,530
"org.eclipse.jdt.internal.formatter.OptimizedReplaceEdit",0,0,0,2,531
"org.eclipse.jdt.internal.formatter.Scribe",508,18,1.054,4,530
"org.eclipse.jdt.internal.formatter.align.Alignment",508,3,1.054,4,530
"org.eclipse.jdt.internal.formatter.align.AlignmentException",0,0,0,3,531
"org.eclipse.jdt.internal.formatter.old.CodeFormatter",508,8,1.054,1,530

